-- BORRAR TABLAS
DROP TABLE CAPITULOS CASCADE CONSTRAINTS;
DROP TABLE TEMPORADAS CASCADE CONSTRAINTS;
DROP TABLE PELICULAS CASCADE CONSTRAINTS;
DROP TABLE SERIES CASCADE CONSTRAINTS;
DROP TABLE CONTIENEN_DP_C CASCADE CONSTRAINTS;
DROP TABLE CONTIENEN_RS_P CASCADE CONSTRAINTS;
DROP TABLE CONTIENEN_ZS_S CASCADE CONSTRAINTS;
DROP TABLE CAT_AUDIOVISUAL CASCADE CONSTRAINTS;
DROP TABLE DIAMANTE_PREMIUM CASCADE CONSTRAINTS;
DROP TABLE RUBI_STANDAR CASCADE CONSTRAINTS;
DROP TABLE ZAFIRO_STANDAR CASCADE CONSTRAINTS;
DROP TABLE CRISTAL_BASIC CASCADE CONSTRAINTS;
DROP TABLE CONTIENEN CASCADE CONSTRAINTS;
DROP TABLE ALBUMES CASCADE CONSTRAINTS;
DROP TABLE CANCIONES CASCADE CONSTRAINTS;
DROP TABLE CON_MEMBRESIAS CASCADE CONSTRAINTS;
DROP TABLE MEMBRESIAS CASCADE CONSTRAINTS;
DROP TABLE ADMINISTRADORES CASCADE CONSTRAINTS;
DROP TABLE USUARIOS CASCADE CONSTRAINTS;
-- =============================================================================================================

CREATE TABLE USUARIOS
(
ID_USUARIO NUMBER,
CONTRASENA VARCHAR2(60) NOT NULL,
CORREO VARCHAR2(45) NOT NULL UNIQUE,
NOMBRE VARCHAR2(30) NOT NULL,
APELLIDOS VARCHAR2(30) NOT NULL,
DIRECCION VARCHAR2(40) NOT NULL,
N_TELEFONO VARCHAR2(9) NOT NULL,
FECHA_FACTURACION DATE DEFAULT SYSDATE,
CONSTRAINT PK_ID_USUARIOS PRIMARY KEY (ID_USUARIO),
CONSTRAINT CK_N_TELEFONO CHECK (N_TELEFONO LIKE '6%')
);

-- INSERTADO USUARIOS
INSERT INTO USUARIOS VALUES (1,'Solerocioadrian3','LEAL.ADRIAN.VACAS@GMAIL.COM','Adrián','Leal Vacas','C/ Encarnación oviol Nº62 3ºA','692721061',TO_DATE('01/01/2023', 'DD/MM/YYYY'));
INSERT INTO USUARIOS VALUES (2,'Gonzalo1234','GONZALO@GMAIL.COM','Gonzalo','Cano','CALLE POETA BLAS1','611111111',TO_DATE('01/01/2023', 'DD/MM/YYYY'));
INSERT INTO USUARIOS VALUES (3,'Raul1234','RAUL@GMAIL.COM','Raul','Senso','CALLE POETA BLAS2','622222222',TO_DATE('01/01/2023', 'DD/MM/YYYY'));
INSERT INTO USUARIOS VALUES (11,'Pepe1234','PEPE@GMAIL.COM','Pepe','Reina','CALLE POETA BLAS3','633333333',TO_DATE('01/01/2023', 'DD/MM/YYYY'));
INSERT INTO USUARIOS VALUES (12,'Juan1234','JUAN@GMAIL.COM','Juan','Leal','CALLE POETA BLAS4','644444444',TO_DATE('01/01/2023', 'DD/MM/YYYY'));
INSERT INTO USUARIOS VALUES (13,'Luis1234','LUIS@GMAIL.COM','Luis','Perez','CALLE POETA BLAS5','655555555',TO_DATE('01/01/2023', 'DD/MM/YYYY'));


-- =============================================================================================================

CREATE TABLE ADMINISTRADORES
(
ID_USUARIO NUMBER,
CONSTRAINT PK_ID_USUARIO_ADMIN PRIMARY KEY (ID_USUARIO),
CONSTRAINT FK_ID_USUARIO_ADMIN FOREIGN KEY (ID_USUARIO) REFERENCES USUARIOS (ID_USUARIO)
);

-- INSERTADO ADMINISTRADORES
INSERT INTO ADMINISTRADORES VALUES(1);
INSERT INTO ADMINISTRADORES VALUES(2);
INSERT INTO ADMINISTRADORES VALUES(3);

-- =============================================================================================================

CREATE TABLE MEMBRESIAS
(
ID_MEMBRESIAS NUMBER,
PRECIO NUMBER(5,2) NOT NULL,
CONSTRAINT PK_ID_MEMBRESIAS PRIMARY KEY (ID_MEMBRESIAS),
CONSTRAINT CK_PREC CHECK (PRECIO>=0)
);

--INSERTADO MEMBRESIAS
INSERT INTO MEMBRESIAS VALUES (1,0.0);
INSERT INTO MEMBRESIAS VALUES (2,5.99);
INSERT INTO MEMBRESIAS VALUES (3,5.99);
INSERT INTO MEMBRESIAS VALUES (4,9.99);

-- =============================================================================================================

CREATE TABLE CON_MEMBRESIAS
(
ID_USUARIO NUMBER,
N_CUENTA VARCHAR2(32) NOT NULL,
CADUCIDAD_TARJETA DATE NOT NULL,
TIPO_PAGO VARCHAR2(30) NOT NULL,
ID_MEMBRESIAS NUMBER,
CONSTRAINT PK_ID_USUARIO_CON_MEMB PRIMARY KEY (ID_USUARIO),
CONSTRAINT FK_ID_USUARIO_CON_MEMB FOREIGN KEY (ID_USUARIO) REFERENCES USUARIOS (ID_USUARIO),
CONSTRAINT FK_ID_MEMBRESIA_CON_MEMB FOREIGN KEY (ID_MEMBRESIAS) REFERENCES MEMBRESIAS (ID_MEMBRESIAS)
);

-- INSERTADO CON_MEMBRESIAS
INSERT INTO CON_MEMBRESIAS VALUES (1,'ES20678765465767654563456543465','01/05/2030','MASTERCARD',4);
INSERT INTO CON_MEMBRESIAS VALUES (2,'ES20678765465767654563456543465','01/05/2030','MASTERCARD',4);
INSERT INTO CON_MEMBRESIAS VALUES (3,'ES20678765465767654563456543465','01/05/2030','MASTERCARD',4);
INSERT INTO CON_MEMBRESIAS VALUES (11,'ES20678765465767654563456543465','01/05/2030','MASTERCARD',1);
INSERT INTO CON_MEMBRESIAS VALUES (12,'ES20678765465767654563456543465','01/05/2030','MASTERCARD',2);
INSERT INTO CON_MEMBRESIAS VALUES (13,'ES20678765465767654563456543465','01/05/2030','MASTERCARD',3);

-- =============================================================================================================


CREATE TABLE ALBUMES
(
ID_ALBUM NUMBER,
NOMBRE_ALBUM VARCHAR2(30) NOT NULL,
ARTISTA VARCHAR2(30) NOT NULL,
FECHA_LANZAMIENTO DATE NOT NULL,
CONSTRAINT PK_ID_ALBUM PRIMARY KEY (ID_ALBUM)
); 

--PRUEBAS ALBUMES
INSERT INTO ALBUMES VALUES(0,'0','0',TO_DATE('01/01/2000','DD/MM/YYYY'));
INSERT INTO ALBUMES VALUES(1,'DONDE QUIERO ESTAR','QUEVEDO',TO_DATE('20/01/2023','DD/MM/YYYY'));
INSERT INTO ALBUMES VALUES(2,'PARAISO','MORA',TO_DATE('03/11/2023','DD/MM/YYYY'));
INSERT INTO ALBUMES VALUES(3,'LYKE MIKE','MYKE TOWERS',TO_DATE('23/04/2023','DD/MM/YYYY'));
INSERT INTO ALBUMES VALUES(4,'YHLQMDLG','BAD BUNNY',TO_DATE('29/02/2020','DD/MM/YYYY'));
INSERT INTO ALBUMES VALUES(5,'SAUCE BOYZ','ELADIO CARRIÓN',TO_DATE('02/12/2021','DD/MM/YYYY'));
INSERT INTO ALBUMES VALUES(6,'FELIZ CUMPLEAÑOS FERXXO','FEID',TO_DATE('14/09/2022','DD/MM/YYYY'));
INSERT INTO ALBUMES VALUES(7,'LAS LEYENDAS NUNCA MUEREN','ANUEL',TO_DATE('26/11/2021','DD/MM/YYYY'));
INSERT INTO ALBUMES VALUES(8,'UN VERANO SIN TI','BAD BUNNY',TO_DATE('06/05/2022','DD/MM/YYYY'));
INSERT INTO ALBUMES VALUES(9,'LA VIDA ES UNA','MYKE TOWERS',TO_DATE('23/03/2023','DD/MM/YYYY'));
INSERT INTO ALBUMES VALUES(10,'RR','RAW ALEJANDO Y ROSALÍA',TO_DATE('24/03/2023','DD/MM/YYYY'));
INSERT INTO ALBUMES VALUES(11,'MOTOMAMI','ROSALÍA',TO_DATE('18/03/2022','DD/MM/YYYY'));
INSERT INTO ALBUMES VALUES(12,'BIEN O MAL','TRUENO',TO_DATE('12/05/2022','DD/MM/YYYY'));
INSERT INTO ALBUMES VALUES(13,'3MEN2 KBRN','ELADIO CARRIÓN',TO_DATE('17/03/2023','DD/MM/YYYY'));
INSERT INTO ALBUMES VALUES(14,'ENERGÍA','FUEGO Y J BALVIN',TO_DATE('24/06/2016','DD/MM/YYYY'));
INSERT INTO ALBUMES VALUES(15,'BARRIO FINO','DADDY YANKEE',TO_DATE('13/07/2004','DD/MM/YYYY'));

-- =============================================================================================================

CREATE TABLE CANCIONES
(
ID_CANCION NUMBER,
NOMBRE_CANCION VARCHAR2(30) NOT NULL,
DURACION VARCHAR2(7) NOT NULL,
TIPO VARCHAR2 (50) NOT NULL,
LETRA VARCHAR2 (4000),
ID_ALBUM NUMBER,
CONSTRAINT PK_ID_CANCION PRIMARY KEY (ID_CANCION),
CONSTRAINT FK_ID_ALBUM_CAN FOREIGN KEY (ID_ALBUM) REFERENCES ALBUMES (ID_ALBUM)
);

-- PRUEBAS CANCIONES
INSERT INTO CANCIONES VALUES(1,'DESPECHÁ','2:39','Pop Mambo','Yeah-yeah Yeah-yeah Mmm Baby, no me llame Que yo estoy ocupá olvidando tus male Ya decidí que esta noche se sale Con toda mis motomami, con toda mis gyale Y ando despechá, oah, alocá Bajé con un flow nuevo de caja, baby, hackeá Lo muevo de la o a la o y a otro la o Hoy salgo con mi baby de la disco coroná Y ando despechá, oah, alocá Que Dios me libre de volver a tu la o Lo muevo de la o a la o y a otro la o Hoy salgo con mi baby de la disco coroná, coroná, yeah Voy con la falda (ah), aro y cadena (eh) Piña colada (sí), no tengo pena (no) Toy con la Fefa (wuh), ella es la jefa (sí) Ella lo baila (yeh), ella me enseña (yeh) Hoy no trabaja (uh) esta morena (no) Fuck la fama (eh), fuck la faena (ja) La noche es larga (eh), la noche está buena (eh) Un mambo violento y fin del problema Mira qué fácil te lo v y a decir A, B, C, one, two, three Mira qué fácil te lo v y a decir Que esta motomami ya no está pa ti Mira qué fácil te lo v y a decir A, B, C, one, two, three Mira qué fácil te lo voy a decir Que esta motomami ya - Y ando despechá, oah, alocá Bajé con un flow nuevo de caja, baby, hackeá Lo muevo de la o a la o y a otro la o Hoy salgo con mi baby de la disco coroná Y ando despechá, oah, alocá Que Dios me libre de volver a tu la o Lo muevo de la o a la o y a otro la o Hoy salgo con mi baby de la disco coroná, coroná, yeah Mmm, voy a 180 porque soy una racineta, ¿qué, qué? Te distrae y yo te adelanto por la derecha, uh Voy a 180 porque soy una racineta, ey, ey Te distrae y yo te adelanto por la derecha, mmm, mmm, mmm Yeah-yeah-yeah-yeah-yeah-yeah Ey Yeah-yeah-yeah-yeah Chris Jedi Gaby, Gaby, Gaby De Barcelona pa Santo Domingo La ROSALÍA, mmm, jaja, je Jeje Ey Uh, uh, uh, uh Omega Ey, ey, ey Uh, uh, uh, uh',0);
INSERT INTO CANCIONES VALUES(2,'PLAYA DEL INGLÉS','4:16','Reggaeton','Tú no fuiste la primera, tampoco serás la última Pero cómo yo quisiera que sí, que fueras la única Que le presente a mi familia y a mi gente Cáele pal party pa que entres en otro ambiente Y cada vez Que te veo me acuerdo ma de aquella vez Del perreíto en Plaza en Playa del Inglés Yo no quiero ser tu ex, hoy va a haber noche de sex A ti te gustan isleños, venga, dale, niégate Que te veo me acuerdo ma de aquella vez Del perreíto en Plaza en Playa del Inglés Yo no quiero ser tu dueño, no me frunzas el ceño A ti te gustan isleños, venga, dale, niégate No quiero ser otro más en tu lista Empezamos bellaqueando por Insta Voy de Puerto Rico hasta Gran Canaria No sé nada, baby, yo soy turista A mi boy el clima cálido Llegamos en el party bo, nos ven y quedan pálidos Mi gente ya la examinó siempre que salimos Aunque la llamo en anónimo, eso no le cambia el ánimo Antes de ti y después habrán más Pero olvidarte yo a ti jamás Me dijo que le excita mi voz Le hablo al oído y la dejo mal Quiere que yo la saque a janguear Ella por nadie piensa cambiar Está con su equipo alzando la copa Como que ganaron el Mundial Y cada vez Que te veo, me acuerdo ma de aquella vez Del perreíto en Plaza en Playa del Inglés Yo no quiero ser tu dueño, no me frunzas el ceño A ti te gustan isleños, venga, dale, niégate Si te veo me acuerdo ma de aquella vez Del perreíto en Plaza en Playa del Inglés Yo no quiero ser tu ex, hoy va a haber noche de sex Y a ti te gustan isleños, venga, dale, niégate Te gustan isleños y a mí me gusta que te gustemos Dime cuántas son para que con el combo las busquemos No dejes que se rieguen venenos; entre tú y yo todo fluyó ¿Quieres irte de viaje? Elige entre París o New York Pero siempre volvemos y estamos chill Llegamos a la isla y fumamos weed Yo te consigo la cone, tell me what you need Cualquier pregunta que hagas pa ti tengo un sí Si te propongo que te mudes, yo no sé qué me dirías Pero hueco tienes de sobra en mi mente Solo te pido que no dudes y que si tú en mí confías Sentirás una vibra diferente Y cada vez Que te veo me acuerdo ma de aquella vez Del perreíto en Plaza en Playa del Inglés Yo no quiero ser tu dueño, no me frunzas el ceño A ti te gustan isleños, venga, dale, niégate Si te veo me acuerdo ma de aquella vez Del perreíto en Plaza en Playa del Inglés Yo no quiero ser tu ex, hoy va a haber noche de sex A ti te gustan isleños, venga, dale, niégate Myke Towers, baby MT',1);
INSERT INTO CANCIONES VALUES(3,'LA INOCENTE','3:22','Urbano latino,Dembow','Yeh Yeh-yeh Yeh Todo parece estar bien Pero nada elo que parece No supe darte mi cien Aunque lo traté muchas vece Lo intenté, pero fracasé Todos mis errore ya los repasé Y ahora dime cómo duermo Si tú no me pertenece (no) Abuelo me lo dijo, el amor no funciona Quien meno te espera, se va y te traiciona Te fuiste sin despedirte Como si nunca me quisiste Te di lo que pedía y no fue suficiente Tú solo mentía y yo tu fiel creyente Mil sueño me vendía, yo fui tu cliente (yoh) Siempre era yo el culpable y tú jugando a la inocente (suena, wow) Tú callaíta chequeando mis mensaje Y yo al garete llevándote de viaje Una nébula, todo era un visaje Te fuiste de casa y sacaste tu equipaje Nadie te va amar como yo ni va a chingarte como yo Y ahora quiere que me quede tranquilo si un hijueputa me choteó En medio de esta situación no me duele el corazón Me duele que le haya creído algo mío a otro cabrón Que te tiraba toa la noche Se te olvidó que saldamo to mi coche To los mese un nuevo perfume Hasta te compraba pasto pa que fume Bebé, no quiero que nada te falte Y ojalá que ese cabrón te pague el esmalte, yeh-yeh Yo no te deseo el mal Pero vas a pensar en mí cada ve que te levantes (wow) Te di lo que pedía y no fue suficiente Tú solo mentía y yo tu fiel creyente Mil sueño me vendía, yo fui tu cliente Siempre era yo el culpable y tú jugando a la inocente Tú me vendiste el sueño y yo fui tu cliente Esa carita de inocente Solo te la cree el resto de la gente Quizá soy masoquista o solo tengo mala suerte Le pido a Dio, a ver si contigo me ayuda No pienso llamarte, te aclaro la duda Yo quiero ser libre igual que Venezuela y Cuba Nunca hablaste claro, te hiciste la muda Quería atención y yo te puse en el centro Quería mi corazón y te lo puse en descuento Me pediste el cincuenta y yo te di 100% Me pediste un reloj y yo perdiendo mi tiempo Me quedé esperando que tu mensaje llegara Me comí otro culo, pero pensando en tu cara Quédate con la culpa y también con la ropa cara Y recuerda que la traición con traición se paga Te di lo que pedía y no fue suficiente Tú solo mentía y yo tu fiel creyente Mil sueño me vendía, yo fui tu cliente Siempre era yo el culpable y tú jugando a la inocente',0);
INSERT INTO CANCIONES VALUES(4,'TQG','3:36','Urbano latino','La que te dijo que un vacío se llena Con otra persona te miente Es como tapar una herida con maquillaje No se ve, pero se siente Te fuiste diciendo que me superaste (ey) Y te conseguiste nueva novia (novia) Lo que ella no sabe es que tú todavía (oh) Me esta viendo toa la historia (papi) Bebé, ¿qué fue? ¿No pues que muy tragadito? ¿Qué haces buscándome el lao Si sabes que yo errores no repito? (Ey, papi) Dile a tu nueva bebé Que por hombres no compito Que deje de estar tirando Que al meno yo te tenía bonito Verte con la nueva me dolió (dolió) Pero ya estoy puesta pa lo mío Lo que vivimos se me olvidó Y eso e lo que te tiene ofendido Que hasta la vida me mejoró Por acá ya no eres bienvenido Vi lo que tu novia me tiró Eso no da ni rabia, yo me río, yo me río No tengo tiempo pa lo que no aporte, ya cambié mi norte Haciendo dinero como deporte (ah) Llenando la cuenta, los show, el parking y el pasaporte (ey) Toy más dura dicen los reporte Ahora tú quieres volver, se te nota, mmm, sí Pérame ahí, que yo soy idiota (ah) Se te olvidó que estoy en otra Y que te quedó grande La Bichota Bebé, ¿qué fue? (Fue) ¿No pues que muy tragadito? (Ah) ¿Qué haces buscándome el lao (ey) Si sabes que yo errores no repito? Dile a tu nueva bebé Que por hombres no compito Que deje de estar tirando Que al meno yo te tenía bonito (Shakira, Shakira) Tú te fuiste y yo me puse triple M Más buena, más dura, más level Volver contigo never, tú eres la mala suerte Porque ahora la bendicione me llueven Y quiere volver, ya lo suponía Dándole like a la foto mía Tú buscando por fuera la comida Yo diciendo que era monotonía Y ahora quieres volver, ya lo suponía Dándole like a la foto mía (a la mía) Te ves feliz con tu nueva vida pero Si ella supiera que me busca todavía Bebé, ¿qué fue? (Fue) ¿No pues que muy tragadito? (Ah) ¿Qué haces buscándome el lao (ey) Si sabes que yo errores no repito? Dile a tu nueva bebé Que por hombres no compito (mueve el culito) Que no tiene buena mano Y al menos yo te tenía bonito',0);
INSERT INTO CANCIONES VALUES(5,'CUPIDO','3:00','Urbano latino,Pop, Rock en español','(¿Vos tenías ganas de enamorarte? Pues, puedes desenamorarte Te digo, que ese laburo No me quiero enamorar) Tardo pa contestarte Y tú tardas pa madurar Algo me dice que ya es muy tarde Pero no me dejo de preguntar ¿Qué nos pasó? Que cuando estábamos bien, se complicó Que no queríamos tanto y ahora no Cupido tiró la flecha y la cagó ¿Qué le pasó? Porque ahora estoy sola en mi soledad Amor que se viene, amor que se va No me pidas tiempo, que eso no va Tú pides y pides y no das na Si pa olvidarte no me alcanza el alcohol No hay botella que aguante a borrar este dolor Yo si quiero una chance pa vivir sin tu amor Pero esta tusa es tan grande, va de mal en peor ¿Qué nos pasó? Que cuando estábamos bien, se complicó Que nos queríamos tanto y ahora no Cupido tiró la flecha y la cagó ¿Qué le pasó? ¿Qué nos pasó? Que cuando estábamos bien, se complicó Que nos queríamos tanto y ahora no Cupido tiró la flecha y la cagó ¿Qué le paso? (¿Por qué falló?) Si yo te extraño Te extraño por la noche La noche me hace daño Yo todavía te extraño Dicen que un clavo Siempre saca otro clavo Pero este amor esclavo Es difícil de olvidar (difícil de olvidar) Si yo te extraño Te extraño por la noche La noche me hace daño Yo todavía te extraño Dicen que un clavo Siempre saca otro clavo Pero este amor esclavo Es difícil de olvidar ¿Qué nos pasó? Que cuando estábamos bien se complicó Que nos queríamos tanto y ahora no Cupido tiró la flecha y la cagó ¿Qué le pasó? ¿Qué nos pasó? (Paso, oh) Que estábamos bien y todo se jodió, ey Que se enamoró y se desenamoró Cupido tiró la flecha y la cagó ¿Qué le pasó? La cagó',0);
INSERT INTO CANCIONES VALUES(6,'SIN FRENOS','3:32','Urbano latino','Yo sigo esperándote como el primer día Solo avísame si quiere volver Tú nunca sale de mi cabeza Esperándote por si regresa Skrrt, skrrt Acelerao, yo voy sin freno (prr, prr) Tú me llama y nos vemo (pew, pew) Si aquel quiere problema, tú ere mi nena, yeah Skrrt, skrrt Acelerao, yo voy sin freno (prr, prr) Tú me llama y nos vemo (pew, pew) Si aquel quiere problema, tú ere mi nena, yeah Hielo en tu cuello, pero ante de eso tú brillaba Real nigga, tú lo viste en mi mirada Tu corazón como nieve yo esquiaba Y se derretía cuando en cuatro yo te daba Sabiendo que ni me ama, tú viraba Cogió el celu y me dijo: "Papi, graba" Todavía están tu olore en mi almohadaToy aquí esperando tu llegada Skrrt, skrrt Acelerao, yo voy sin freno (prr, prr) Tú me llama y nos vemo (pew, pew) Si aquel quiere problema, tú ere mi nena, yeah La conocí en la H, pero no de Humacao Desde el high school que me tiene enamorao Adicto a ella como Jordan a ganar Adicto a ella y a los peso Y a los cuero, y al Gelato Los diamante, las prenda pa comprar Y para no pensarte, baby Me puse a gastar Parece que lo hago de siempre, sale natural Que lo hago de toa la vida con cheque que nunca expiran Más dineros, más movida, muchos cero, noche y día Las entradas agotada, los conciertos explotado Mis gorilas agitados, arco, flecha, Sagitario De tanto pisar la luna me ensucié los Ferragamo La agenda ocupada y eso que ni que tengo agenda El pecho lastimado, el buzo Prada es una venda Los mío pidiéndome que yo no me venda Y yo no sé cómo hacer algo que no venda (Duko) Pago al contado, no quiero interés En tener deuda no tengo interés En el party con Biza y ya saben quién es Tendrían que darle el empleado del mes Si estoy con Eladio, mami, no frenamos Es un vuelo bajito con sendo cabrón Frenamo y te explotamo el mall Y lo pagamo con esta canción ¡Duko! Skrrt, skrrt Acelerao, yo voy sin freno (prr, prr) Tú me llama y nos vemo (pew, pew) Si aquel quiere problema, tú ere mi nena, yeah Skrrt, skrrt Acelerado, voy sin freno (prr, prr) Tú me llama y nos vemo (pew, pew) Si ese bobo quiere problema, tú ere mi nena, yeah ¡Biza! ¡Biza! Eladio Carrión ¡Sendo cabrón! ¡Duko! Bizarrap',5);
INSERT INTO CANCIONES VALUES(7,'MÍRENME AHORA','3:09','Urbano latino','Yo me hice rey al nacer To esto cabrone como yo quieren ser Todo mis pana en la cárcel tienen cel En la disco toda las babie tienen sed Que traigan botella, Black Label, Buchanans, que con una puta voy a amanecer A Biggie y a 2Pac les dieron en carro, por eso e que yo soy mi propio chofer, ey Tienen que manejarse mejor, no me bajo de la AMG Digamo que mi flow se añejó, y si se fueron alante e que los dejé Hasta la que no hablan español se pasan enviando "OMG" Lo único perfecto e el tiempo de Dio Yo seguí joseando y no me quejé Hoy en día tengo Versace las sábana Donde llego prenden las cámara Muchos dicen estar desde el día uno, pero en realidad ello no estaban na Los incus se están vistiendo como títere, se creen que saben, no saben na En este verso iba a decir mi nombre, pero ustede lo saben ya Mírenme ahora, ey, mírenme ahora, jaja Yo solamente grabo la cancione, ella se pegan sola Ello quieren que me vaya mal, pero esto mejora, ey Estaba buscando dinero rápido, perdonen la demora Mírenme ahora, ey, mírenme ahora Yo solamente grabo la cancione, ella se pegan sola Ello quieren que me vaya mal, pero esto mejora Estaba buscando dinero rápido, perdonen la demora (jaja) Perdonen si me tardé en llegar Me acuerdo cuando trabajaba legal La entrada era lenta, por eso to el tiempo la mente me decía: "Vete a bregar" Quien meno tú te espera e federal Si me paran, siempre voy a acelerar Si está buena, pues tráela a ver si e verda Y si la amiga quiere, también se le da Saben que tienen que hablar de mí o si no no son relevante Ya mismo le paso por el lao otra ve, por eso e que ustede van alante Los trabajo nunca los vendí, pero conozco a to los maleante Cuidao cuando me vea, puede que te dejen ciego lo diamante Mírenme ahora, ey, mírenme ahora, ey Yo solamente grabo la cancione, ella se pegan sola Ello quieren que me vaya mal, pero esto mejora, ey Estaba buscando dinero rápido, perdonen la demora Mírenme ahora, ey, mírenme ahora Yo solamente grabo la cancione, ella se pegan sola Ello quieren que me vaya mal, pero esto mejora Estaba buscando dinero rápido, perdonen la demora, yeah Ey Got-Got it on smash',3);
INSERT INTO CANCIONES VALUES(8,'TITÍ ME PREGUNTÓ','4:50','Reguetón trap latino dembow','Ey, Tití me preguntó Si tengo muchas novia Muchas novia Hoy tengo a una, mañana otra Ey, pero no hay boda Tití me preguntó Si tengo muchas novia Je, muchas novia Hoy tengo a una, mañana otra Me la voa llevar a toa Pa un VIP, un VIP, ey Saluden a Tití Vamo a tirarno un selfie Say "Cheese", ey Que sonrían las que ya les metí En un VIP, un VIP, ey Saluden a Tití Vamo a tirarno un selfie Say "Cheese" Que sonrían las que ya se olvidaron de mí Me gustan mucho las Gabriela Las Patricia, las Nicolle, las Sofía Mi primera novia en kinder, María Y mi primer amor se llamaba Thalía Tengo una colombiana Que me escribe to los día Y una mexicana que ni yo sabía Otra en San Antonio que me quiere todavía Y las de PR que todita son mía Una dominicana que es uva bombón Uva, uva bombón La de Barcelona que vino en avión Y dice que mi bicho está cabrón Yo dejo que jueguen Con mi corazón Quisiera mudarme Con todas pa una mansión El día que me case te envío la invitación Muchacho, deja eso, ey Tití me preguntó Si tengo muchas novia, muchas novia Hoy tengo a una, mañana otra Ey, pero no hay boda Tití me preguntó Si tengo muchas novia Ey, ey, muchas novia Hoy tengo a una, mañana otra (mañana otra) (rrra) Tití me preguntó-tó-tó-tó-tó-tó-tó Tití me preguntó-tó-tó-tó-tó-tó-tó (qué pámpara) Tití me preguntó-tó-tó-tó-tó-tó-tó Tití me preguntó-tó-tó-tó (Pero ven acá, muchacho ¿Y para qué tú quiere tanta novia?) Me la voa llevar a toa Pa un VIP, un VIP, ey Saluden a Tití Vamo a tirarno un selfie Say "Cheese", ey Que sonrían las que ya les metí En un VIP, un VIP, ey Saluden a Tití Vamo a tirarno un selfie Say "Cheese" Que sonrían las que ya se olvidaron de mí Oye, muchachoel diablo, azaroso Suelta ese mal vivir Que tú tiene en la calle Búscate una mujer seria pa ti Muchachoel diablo, coño Yo quisiera enamorarme Pero no puedo Pero no puedo, eh, eh Yo quisiera enamorarme Pero no puedo Pero no puedo Sorry, yo no confío, yo no confío Nah, ni en mí mismo confío Si quieres quedarte Hoy que hace frío Y mañana te va, nah Muchas quieren mi baby gravy Quieren tener mi primogénito, ey Y llevarse el crédito Ya me aburrí Hoy quiero un totito inédito, je Uno nuevo, uno nuevo, uno nuevo, uno nuevo (ey) Hazle caso a tu amiga Ella tiene razón Yo voa romperte el corazón Voa romperte el corazón Ey, no te enamores de mí No te enamores de mí Sorry, yo soy así, ey No sé por qué soy así Hazle caso a tu amiga Ella tiene razón Yo voa romperte el corazón Voa romperte el corazón No te enamores de mí No te enamores de mí Sorry, yo soy así Ya no quiero ser así, no',8);
INSERT INTO CANCIONES VALUES(9,'APA','3:19','Urbano latino, dembow','Yo la rescato siempre que tarde se escapa Dice que se va a estudiar y su amiga la tapa Con él se aguanta las gana y conmigo las mata Ya llega fácil sin el GPS a mi apa Yo la rescato siempre que tarde se escapa Dice que se va a estudiar y su amiga la tapa Con él se aguanta las gana y conmigo las mata Ya llega fácil sin el GPS a mi apa Cuando vi ese culo le di gracia a Dio Al fin me escuchó mis plegaría Vida de artista y tú de universitaria Tú de PR, pero yo de Canaria En mi cama tengo una vacante, bebé Dime si quieres ser mi becaria No eres droga, pero tu dosis se me ha hecho necesaria Pa llegar a mi apa no le hace falta ni GPS Los jeans skinny, mami, y en el cuello VVS Ella se preparó, en casa dejó la timidez Eres la baby con la que soñaba en mi niñez Y nadie niega que tú estás bien dura Las curva marca, pequeña la cintura Tiene tatuada en la espalda una luna Fuma pa olvidar a ese bobo que na le suma Y su marido la espera siempre en casa enfadao Le pregunta, "Dime dónde has estao" Y ella no le responde aunque tiene mi nombre En su mente y el polvo tatuao Y yo la rescato siempre que tarde se escapa Dice que se va a estudiar y su amiga la tapa Con él se aguanta las gana y conmigo las mata Ya llega fácil sin el GPS a mi apa Yo la rescato siempre que tarde se escapa Dice que se va a estudiar y su amiga la tapa Con él se aguanta las gana y conmigo las mata Ya llega fácil sin el GPS a mi apa Ser perra está de moda Que no le hablen de boda Ella se portó mal Y tuve que amarrarla con soga En la cama se graduó y Tuve que ponerle la toga Dijo que quería algo relax Y yo la puse a hacer yoga Aquel le pelea y llega sola Directo a mi apartamento Buscando desquitarse Y ese es mi departamento Ese cuerpo es perfecto Dime quién fue el arquitecto Ese culo está caro Pero a mí me da descuento Me sobran razone Pa darte sin condone Te perdí ya una vez Culpa de malas decisione Por darte estoy ansioso Tú mirando y yo nervioso Se fue pa Europa Subió de precio como un coso Y yo la rescato siempre que tarde se escapa Dice que se va a estudiar y su amiga la tapa Con él se aguanta las gana y conmigo las mata Ya llega fácil sin el GPS a mi apa',2);
INSERT INTO CANCIONES VALUES(10,'CAMINANDO POR LA VIDA','3:23','Pop, Rock en español, Hip-hop/Rap','Huele a aire de primavera Tengo alergia en el corazón Voy cantando por la carretera De copiloto llevo al sol Y a mí no me hace falta estrella Que me lleve hasta tu portal Como ayer estaba borracho Fui tirando miga de pan Voy caminando por la vida Sin pausa, pero sin prisa Procurando no hacer ruido, vestio Con una sonrisa Sin complejo ni temore Canto rumba de colore Y el llorar no me hace daño Siempre y cuando tú no llore", ay Siempre y cuando tú no llore", ay Y el Milindri a mí me llaman En el mundillo calé Porque al coger mi guitarra Se me van solo lo pie Y este año le pido al cielo La salud del anterior No necesito dinero Voy sobrao en el amor Voy caminando por la vida Sin pausa, pero sin prisa Procurando no hacer ruido, vestio Con una sonrisa Sin complejo ni temore Canto rumba de colore Y el llorar no me hace daño Siempre y cuando tú no llore", ay Siempre y cuando tú no llore", ay Y no quiero amore No correspondido´ No quiero guerra´, no quiero amigo Que no me quieran sin mi galone No me tire flore Ni falsa mirada de inexpresión Que no dicen nada del corazón Que me la propone, porque Voy caminando por la vida Sin pausa, pero sin prisa Procurando no hacer ruido, vestio Con una sonrisa Sin complejo ni temore Canto rumba de colore Y el llorar no me hace daño Siempre y cuando tú no llore", ay Siempre y cuando tú no llore", ay Siempre y cuando tú no llore Siempre que no me abandone Siempre que de tu mirada Vea salir lo corazone Siempre y cuando tú no llore Siempre que no me abandone Siempre que con tu palabra Calme todo mi temore Siempre y cuando tú no llore No llore No llore',0);
INSERT INTO CANCIONES VALUES(11,'SOLDADITO MARINERO','3:59','Rock en español','Él camina despacito que las prisas no son buenas En su brazo dobladita, con cuidado la chaqueta Luego pasa por la calle dónde los chavales juegan Él también quiso ser niño pero le pilló la guerra Soldadito marinero conociste a una sirena De esas que dicen te quiero si ven la cartera llena Escogiste a la más guapa y a la menos buena Sin saber como ha venido te ha cogido la tormenta Él quería cruzar los mares y olvidar a su sirena La verdad, no fue difícil cuando conoció a Mariela Que tenía los ojos verdes y un negocio entre las piernas Hay que ver que puntería, no te arrimas a una buena Soldadito marinero conociste a una sirena De esas que dicen te quiero si ven la cartera llena Escogiste a la más guapa y a la menos buena Sin saber como ha venido te ha cogido la tormenta Después de un invierno malo, una mala primavera Dime por que estas buscando una lágrima en la arena Después de un invierno malo, una mala primavera Dime por que estas buscando una lágrima en la arena Después de un invierno malo, una mala primavera Dime por que estas buscando una lágrima en la arena Después de un invierno malo',0);
INSERT INTO CANCIONES VALUES(12,'UNA VAINA LOCA','3:08','Urbano latino,Pop,Bachata,Hip-hop/Rap,Dembow','Una vaina loca Que me lleva a la Gloria Nunca he sentido nada como Esto en mi vida Ella me descontrola Cuando estamos a solas Cuando yo siento eso Es una vaina ratata Todas las noches ella me desea Contigo yo lo hago donde sea Se muere Porque quiere Que la pegue a la pared Le gustan los tigeres que son jugetones Quiere que la cambie de posiciones A ellla le gusta Y disfruta Duro quiere que le dé Una vaina loca Que me lleve a la Gloria Nunca he sentido nada como Esto en mi vida Ella me descontrola Cuando estamos a solas Cuando yo siento eso Es una vaina ratata Diablo, que buena tú ta" Con tu pum-pum-pum Yo voy a darte con tu Bum-bum-bum Cuando te choco mami Tum-tum-tum Si lo hacemos en mi carro Hacemos brum-brum-brum Voy mi tanque full Ella quiere que la baje pal" Sur Y grita wou-wou-wou, con actitud Shorty voy a darte luz Una vaina loca Que me lleve a la Gloria Nunca he sentido nada como Esto en mi vida Ella me descontrola Cuando estamos a solas Cuando yo siento eso Es una vaina ratata Una vaina loca Nadie como ella en mi vida Me descontrola Si estamos a solas Es una vaina ratata Todas las noches ella me desea Contigo yo lo hago donde sea Se muere Porque quiere Que la pegue a la pared Le gustan los tigeres que son jugetones Quiere que la cambie de posiciones A ellla le gusta Y disfruta Duro quiere que le dé Una vaina loca Que me lleve a la Gloria Nunca he sentido nada como Esto en mi vida Ella me descontrola Cuando estamos a solas Cuando yo siento eso Es una vaina ratata',0);
INSERT INTO CANCIONES VALUES(13,'SI SALIMOS','3:15','Urbano latino, Dembow, Hip-Hop/Rap','50 We gon" ease into it (Geniuz) Y, baby, yo te amo, pero tengo que buscarme este dinero (yeah) Joseando como runner pa" vivir como kilero (uh-huh) Pastilla amarilla, .10 Homero Ni la tengo encima, "toy rodea" o de pistolero" (haha) Hablan a mi espalda, pero yo siempre me entero No confío en nadie, solo en mami y el cartero Carros sin tablilla" (uh-huh), vestido de negro (yeah) Mis diablo" to" son de fábrica sin ser pepero Y si salimo", estos cabrone" no salen Porque toíto" saben que estamo" y yo sí la vivo Con todo" mis anormale" Manito, somos pare" Y si salimo", estos cabrone" no salen Porque toíto" saben que estamo" y yo sí la vivo (yeah, huh) Con todo" mis anormale" (huh) Manito, somos pare" I" m talkin" Lamborghini love, Aventador adventures Far from the sticks, niggas spendin" now in the trenches (yeah) My Amiri theories, get the Dior shipped off Then when I come through the door, she wanna suck on your ball I put her in elite shit, no weak shit, snowflake Van Cleef shit But if she leaves, she can" t keep shit (haha) Keep this, I" m not the one these hoes chat out They trippin", what" s that" bout? I" m thinkin" why these niggas go that route Man, that" s how it go Can" t be sayin" you be slidin" And you ain" t down to slide when you fuck with me That" s how we roll We gon" see when we collide (yeah, yeah) If you niggas outside movin" properly (yeah, yeah) Y si salimo", estos cabrone" no salen Porque toíto" saben que estamo" y yo sí la vivo Con todo" mis anormale" Manito, somos pare" Y si salimo", estos cabrone" no salen Porque toíto" saben que estamo" y yo sí la vivo Con todo" mis anormale" Manito, somos pare" (what, what) Nigga, I" m all iced out (yeah), I" m all priced out (woo) Si 50 busca el strap, eso es clic, clac, lights out Laughin" to the bank like "ha" when I cash out Estos cabrones se tiran, después los veo abrazao" Diosito, cuídame, cuídame (cuídame) A todos los míos cuando yo no estoy presente Que si les pasa algo, si les pasa algo Saben que yo salgo, ellos saben que yo salgo Saben que yo salgo como una gata recién dejá El peine tiene quince y cabe una docena má" Los billetes son azules y de cien na" má" (¡Hey!) Jugando vivo, por eso ando con mi pendejá (yeah, yeah, pow-pow!) Y si salimo", estos cabrone" no salen Porque toíto" saben que estamo" y yo sí la vivo Con todo" mis anormale" Manito, somos pare" Y si salimo", estos cabrone" no salen Porque toíto" saben que estamo" y yo sí la vivo Con todo" mis anormale" Manito, somos pare',13);
INSERT INTO CANCIONES VALUES(14,'HIMNO JIJANTES','2:08','Pop','De Barcelona y con solo un sentimiento, Hasta que no quede aliento, lo gritaremos al viento Desde pequeño, ser Jijante es el sueño, Con el coraje y empeño, hasta el final de los tiempos Uoooo oooh JIJAAANTES JIJAAANTES Uoooo oooh JIJAAANTES JIJAAANTES JIJAAANTES JIJAAANTES JIJAAANTES JIJAAANTES Sube las manos pa"rriba, todo el mundo a gritar Queremos a esta plantilla, com si fossim tots germans, Blau y grana en el pecho, sí que hoy vamos a ganar Juntos no tenemos techo, no paremos de animar Uoooo oooh JIJAAANTES JIJAAANTES Uoooo oooh JIJAAANTES JIJAAANTES Uoooo oooh JIJAAANTES JIJAAANTES Uoooo oooh JIJAAANTES JIJAAANTES',0);
INSERT INTO CANCIONES VALUES(15,'MI ESTRELLA BLANCA','3:06','Pop indio, Pop, Hip-hop/Rap, Tropipop','Una vez, soñé lo que el futuro me deparaba Había un patio andalu", mi niño toca la guitarra El otro se echaba un cante, mi mujer y mi niña bailaban Al compá" de bulería", mientra le toco la" palma" Los sueños, sueños son y el destino decidirá Lo que el futuro me espera y si mis sueños se cumplirán Y a Dios le estoy pidiendo que se haga realidad Pue" me paso el día durmiendo pa" encontrar la felicidad Poder besarla, cada mañana Mirar pa"l lado y verla tumbada en mi cama Será mi noche, será mi día Mi estrella blanca Y una casita en el barrio de Santa Cru" Un ventanal y un pequeño patio andalu" Enredaderas que suben por la escalera Por una reja se ve el sol y entra lu" Y cuando llega la noche a mi ventana Cojo jazmine" y huele la flor de mi dama En mi vieja mecedora queó dormido Y al despertar del sueño, todo se había ido Ya encontré La que será mi futura esposa La madre de mi" tres hijo" Sevillana, guapa y hermosa Y al bailar parece que vuela Su" pie" son de oro puro Cásate conmigo, flamenca Que amor eterno, yo a ti, te juro Poder besarla, cada mañana Mirar pa"l lado y verla tumbada en mi cama Será mi noche, será mi día Mi estrella blanca Y una casita en el barrio de Santa Cru" Un ventanal y un pequeño patio andalu" Enredaderas que suben por la escalera Por una reja se ve el sol y entra lu" Y cuando llega la noche a mi ventana Cojo jazmine" y huele la flor de mi dama En mi vieja mecedora queó dormido Y al despertar del sueño, todo se había ido Y una casita en el barrio de Santa Cru" Un ventanal y un pequeño patio andalu" Enredaderas que suben por la escalera Por una reja se ve el sol y entra lu" Y cuando llega la noche a mi ventana Cojo jazmine" y huele la flor de mi dama En mi vieja mecedora queó dormido Al despertar del sueño, todo se había ido Y una casita en el barrio de Santa Cru" Un ventanal y un pequeño patio andalu" Enredaderas que suben por la escalera Por una reja se ve el sol y entra lu" Y cuando llega la noche a mi ventana Cojo jazmine" y huele la flor de mi dama En mi vieja mecedora queó dormido Al despertar del sueño, todo se había idO',0);
--ALBUM_1--
INSERT INTO CANCIONES VALUES(16,'AHORA QUÉ','2:54','Reggaeton','Yeah-yeah-yeah-yeah-yeah-yeah-yeah-yeah Quevedo con el Linton, mai La mente rozando el sky, yeah Linton, suelta la trompeta Que siempre que lo hace es un palo, eh LPGC, you know Esta vida, mami, es un regalo La isla se robó el show Yo que solamente puse mi mano Y Diosito me entregó el don Te juro que se siente muy cabrón Que tus colega" sean tu inspiración Solo éramo" cuatro trabajando en esta mierda Cuando eran tiempos de comienzo Y to" está pasando muy rápido Me da vértigo cada ve" que lo pienso Pero se me pasa cuando recuerdo Todo el sacrificio y esfuerzo, yeah O cuando ella me da un beso Cada vez que me pongo tenso El día que me junté con Sergi Sabía de sobra que haríamo" historia Grábamo" mil palos, reímo", lloramo" Papi, y el resto es historia, yeah, yeah Momentos que nunca se nos irán de la memoria Li LB, mami, aka, "Los favoritos de tu novia" Nunca me olvido de los que estuvieron En los tiempo" que estaba mal De party con Rosito y Edu Cuando la clika pisa la capital Si un día muero, quiero que Wos y Saot Hablen en mi documental Confiaron en mí cuando no era nadie Confiaron en mí cuando no había na" Mami, ahora tenemo" de to" Tenemo" pa" escoger Ya ni intenten hablar con Félix Él tampoco va a coger 2021 sembrar, 2022 recoger 2023 coronar, 2024 desaparecer, yeah Mami está tranquila, papi está tranquilo ¿Qué mas quiero? El dinero no me pone contento Aunque ofrezcan siete cero" La Porsche Cayenne color vino Asientos de cuero Pega"o en la isla, pega"o en España Pega"o en el mundo entero En el colegio mi hermana frontea de ser mi hermana, yeah Mi otra hermana también frontea de ser mi hermana, yeah Mi piba frontea, se saca fotos en mi cama, yeah Y la mamá no frontea, pero podría hacerlo por ser mi mamá Me río porque habla de mí y eso que ni me ven Y yo escribiendo y fumando me vi en la cima sin querer Y ahora solamente se ve la punta del iceberg Papi, no hay uno más duro, si es que lo hay dime quién Yeah, yeah, yeah-yeah-yeah Quevedo con el Linton, mai, yeah LPGC, you know Linton, suelta la trompeta Que siempre que lo hace es un palo, eh LPGC, you know Esta vida, mami, es un regalo La isla se robó el show Yo que solamente puse mi mano Y Diosito me entregó el don Te juro que se siente muy cabrón Que tus colega" sean tu inspiración Solo éramo" cuatro trabajando en esta mierda Cuando eran tiempos de comienzo Y to" está pasando muy rápido Me da vértigo cada ve" que lo pienso Pero se me pasa cuando recuerdo Todo el sacrificio y esfuerzo, yeah O cuando ella me da un beso Cada vez que me pongo tenso',1);
INSERT INTO CANCIONES VALUES(17,'YANKEE','3:32','Reggaeton','Y si alguien supiera Que nos vemos, todo acabaría Pero no ha pasado todavía Y si alguien se entera Haz como que no me conocías Nos reencontraremos algún día Por ti no le tengo miedo a pecar Su olor todavía me recuerda a ti Y a los polvos en el hotel de Madrid Dime, ¿volviste a la isla o sigues por aquí? Que tú estás dura como Yankee dice Mami, tus besos hacen que me tranquilice Cuántas veces te fallaron, mami, ya ni sé Y no puedo decir te avisé Por ti no le tengo miedo a pecar Su olor todavía me recuerda a ti Y a los polvo" en el hotel de Madrid Dime, ¿volviste a la isla o sigues por aquí?, yeah Que tú estás dura como Yankee dice Mami, tus beso" hacen que me tranquilice Cuántas vece" te fallaron, mami, ya ni sé Y no puedo decir te avisé Y si nadie se entera, esta noche tienes premio Bebé, no me cojas en serio Si ennota"o te digo que esto está pa" serio No le hagas caso a lo que digan los medios Al que nos meta pie le quitamos de en medio Por ti vuelo en privado desde otro hemisferio Pa" tenerte como en el colegio Me quité la camiseta y tú los panty Fumando una nota loca, como Randy Llegamos al teteo escuchando "Candy" Y no de ROSALÍA, la de Chencho y Maldy Y maldita la hora a la que te besé Fue el alcohol o quizá yo no sé Eres la bebé, a la que estaba esperando Y por la que tanto yo a Dios le recé Y maldita la hora en la que te besé Fue el alcohol o quizá ya no sé Eres la bebé, a la que estaba esperando Y por la que tanto yo a Dios le recé Y si alguien supiera Que nos vemos, todo acabaría Pero no ha pasado todavía Y si alguien se entera Haz como que no me conocías Nos reencontraremos algún día Por ti no le tengo miedo a pecar Su olor todavía me recuerda a ti Y a los polvos en el hotel de Madrid Dime, ¿volviste a la isla o sigues por aquí? Que tú estás dura como Yankee dice Mami, tus besos hacen que me tranquilice Cuántas veces te fallaron, mami, ya ni sé Y no puedo decir te avisé Por ti no le tengo miedo a pecar Su olor todavía me recuerda a ti Y a los polvos en el hotel de Madrid Dime, ¿volviste a la isla o sigues por aquí? Que tú estás dura como Yankee dice Mami, tus besos hacen que me tranquilice Cuántas veces te fallaron, mami, ya ni sé Y no puedo decir te avisé Y si alguien se entera Y si alguien se entera Y si alguien se entera Y si alguien se entera',1);
INSERT INTO CANCIONES VALUES(18,'VISTA AL MAR','3:02','Reggaeton','Bluefire Rápido llegas y rápido te vas Entras por a"lante, pero sales por atrás, sí Mami, no quiero que quede en un casi (casi), yeah Contigo siempre quise más En la cama me das guerra, y cuando terminamos paz Pero tú siempre pendiente a ver qué opinan los demá" No hay nadie que me lo haga así (así) Y, aunque lo hubiera, no quisiera que fuera nadie má" Parece que olvidaste lo rico que se siente en mi habitación Tu cuerpo con el mío, mai, combinan de una manera Que es vernos, apagar las luces, cámara y acción Y todo sin meter el corazón (yeah, yeah, yeah, yeah) Ya no estás pa" enchule" (no, no, no, no) A ninguno le dice, to"s mejor circulen Pero, cuando tienes ganas, todos saben a qué nene acudes Tengo hueca mi mente pa" que te mudes Y llévame por el mal Hoy te traigo a mis islas para hacerlo vista al mar Siempre está caliente, pero el corazón frío esquimal Dale, cáele pa"l hotel, para hacerte mi ritual Que tú tienes el poder para jugar con mi mente ¿Cómo se siente, cómo se siente Sabiendo que, de todos, soy el diferente? Y no fuma, pero su nota es sobresaliente Parece que olvidaste lo rico que se siente en mi habitación Tu cuerpo con el mío, mai, combinan de una manera Que es vernos, apagar las luces, cámara y acción Y todo sin meter el corazón Si te fueras de mi cama sería como L.A. sin LeBron (LeBron) Lo tuyo no es genético, es un don (don) Nadie se explica cómo la mueves tan ca- Bronceado ese cuerpito de tanto ir a la playa (playa) La combi Versace no falla, te pediría de rodillas que nunca te vayas Te darás cuenta cuando ninguno de estos bobos de la talla, yeah Mami, otros sí, yo no te fallaré, tus gemidos en mi cabeza no se callan, yeah Cada vez que te veo, escribo un himno y siempre nos pasa lo mismo, que Rápido llegas y rápido te vas Entras por a"lante, pero sales por atrás, sí Mami, no quiero que quede en un casi, yeah Contigo siempre quise más En la cama me das guerra, y cuando terminamos paz Pero tú siempre pendiente a ver qué opinan los demá" No hay nadie que me lo haga así (así) Y, aunque lo hubiera, no quisiera que fuera nadie má" Parece que olvidaste lo rico que se siente en mi habitación Tu cuerpo con el mío, mai, combinan de una manera Que es vernos, apagar las luces, cámara y acción Y todo sin meter el corazón',1);
INSERT INTO CANCIONES VALUES(19,'SIN SEÑAL','3:12','Reggaeton','O-O-Ovy On The Drums Estaba buscándome en un party sin señal Estoy perdido en el club buscando dónde respirar bien O que me entienda alguien Caras conocidas muchas, pero amigos nadie Dale, caile Yo sigo buscándome Eh-yeh-yeh-yeh, na-na-ra-na-na-na Yo sigo buscándome Perdí la dirección, a casa ya no sé volver ¿Cómo hago pa"l tiempo retroceder? Es una noche más donde las horas se van Tengo un papel con tu nombre en las hogueras de San Juan Dime dónde estás, amor No hay santero ni doctor que me arranque este dolor No puedo más Necesito tu calor, ver la vida de color Sin ti, se apaga mi sol, y a oscuras ¿Dónde estoy?, no lo sé, no lo sé, no lo sé ¿A dónde voy?, no lo sé, no lo sé, no lo sé Hoy no llego a casa, mami, por favor perdóname No había señal en el party, por eso no te llamé ¿Dónde estoy?, no lo sé, no lo sé, no lo sé ¿A dónde voy?, no lo sé, no lo sé, no lo sé Hoy no llego a casa, mami, por favor perdóname No había señal en el party, por eso no te llamé Estaba buscándome en un party sin señal Estoy perdido en el club buscando dónde respirar bien O que me entienda alguien Caras conocidas muchas, pero amigos nadie Dale, caile Yo sigo buscándome Eh-yeh-yeh-yeh, na-na-ra-na-na-na Yo sigo buscándome When the music play Angelina hand down the vibes everyday Love how you whine and you fash" everyday, yeah And everything happen pon fi wi way So mi big up every country (yeah, yeah, ay) Ah me seh, big up Columbia Puerto-Rican, Dominicana, Cubana From the Caribbean go back to Ghana Dey dunno say a we got the farmer Yuh know seh we bad, bad long time inna days Ay, seh we bad, bad long time inna days Ovy On The Drums, dem Hey, yuh dunno',1);

--ALBUM_2--
INSERT INTO CANCIONES VALUES(20,'DOMINGO DE BOTE','1:43','Urbano latino','Baby, tú jura" Que sin ti la estoy pasando mal Puede ser, ¿pero por qué tan segura? Si esto es solo el principio del final El principio del final Y aprendí Que a ti hay que tenerte de lejo" Pero si quiere" comerme, me dejo Y sé que tú también Piensa" cuando te lo hice frente al espejo Yo no te extraño a ti Yo extraño a ese culote Y cuando te lo puse aquel Domingo de bote To" lo hicimo" bien callao" Sin que nadie note Chiquitita, pero eso allá atrá" está grandote Yo no te extraño a ti Yo extraño a ese culote Y cuando te lo puse aquel Domingo de bote To" lo hicimo" bien callao" Sin que nadie note Chiquitita, pero eso allá atrá" está grandote Ponte pa" mí, mami, que hoy No vinimo" a dormir, no Y lo que hicimo" aquel día en Palomino Si te atreve" y te presta" lo vamo" a repetir Y al trago le hice refill Pa" darte como si te fuera" A mudar pa" allá afuera La arena es tu pasarela Ese traje "e baño small Pa" mí que no te queda Te vo"a poner a brincar Como si fuese Coachella Una vuelta en el jetski Pa" ver ese bodyki Nos spoteamo" donde la última ve" te lo metí Baby, no te prometí Eso de un final feliz Hoy te lo quiero dar Por eso fue que te escribí, -í Ey, ey Por eso te escribí Ey, ey Empújamelo',2);
INSERT INTO CANCIONES VALUES(21,'CALENTÓN','3:22','Urbano latino, Dembow','Me fui pa" Europa y me quería quedar Pero me levanté bipolar Con gana" del calentón La tierra que me enseñó a caminar Esa estrella pequeñita Pero que no deja de brillar ¿De aquí quién me va a sacar? Mere, cabrón, no pienso negociar La capital del perreo, eso ya e" oficial Y aunque sea enmascarao" Hoy salimo" a janguear, me vo"a desacatar ¿De aquí quién me va a sacar? Mere, cabrón, no pienso negociar La capital del perreo, eso ya e" oficial Y aunque sea enmascarao" Hoy salimo" a janguear, me vo"a desacatar Hoy saco la Mercedes si la Loíza se explota De Fifty Eight pa"l casino, del casino pa" la troca El blunt prendi"o, un vueltón y ella no suelta su copa Me dijo que estaba invicta y conmigo se fue en coca Ella llega y dicen, "Wow, ¿qué es esto?" Mensaje directo y le llego directo, directo A ponerla a gritar en un par de dialecto" Se pone bellaquita si le pongo "Efecto" Tú y yo por Ocean Park Tu amiga se nos puede unir O nos puede mirar Dale, ponte diabla Y pórtate mal, pórtate mal Tú y yo por Ocean Park Tu amiga se nos puede unir O nos puede mirar Dale, ponte diabla Y pórtate mal, pórtate mal Salió con su tropa, ella al mando La que to" el mundo está mirando Hay un par que hacen fila, pero ella pichando Ese culo los tiene gastando Se desacata los jueve" Playita y coctele" Enrola y lo prende Lo otro depende Yo me fui acercando y ella se me pegó sola No hice fila, me colé y le rompí la cola Lo que heredó me lo enseñó Eso allá atrá" Picasso se lo diseñó "Taba llanito, no se dio cuenta y se encalló, ey Yo me fui acercando y ella se me pegó sola No hice fila, me colé y le rompí la cola Lo que heredó me lo enseñó Eso allá atrá" Picasso se lo diseñó "Taba llanito, no se dio cuenta y se encalló (Yo me fui acercando Le rompí la cola No hice fila, me colé No hice fila, me colé Lo, lo que heredó Le rompí la cola)',2);
INSERT INTO CANCIONES VALUES(22,'COSITAS','3:15','Urbano latino, Dembow','Tú te pasa" usando mi mente La tiene" de juguete Y yo aquí apostando A que esto iba a ser diferente Soy un masoquista persiguiendo un error Tú ere" la película, pero de terror Ver la cama sin ti me pone de mal humor Porque tú me hiciste Cosita" que no se olvidan Voy pa" la calle hoy Por si está" aburrida Tú sabe" que en mi cama Está" bienvenida Yo sé que te imagina" Yo abajo y tú arriba Tú me hiciste cosita" Que no se olvidan Dime pa" dónde sale" hoy Que estoy aburrida Si todavía en tu cama Estoy bienvenida Yo también me imagino Yo abajo y tú arriba Yo abajo y tú arriba O podemo" intercambiar Ese bumper lo vo"a poner a scramblear Sabe" lo que va a pasar Tu cuerpo vo"a repasar Dale, ponte en posición Que te lo voy a aplicar Mi mano en tu espalda Así que ve subiéndote la falda Que la noche es larga Hasta sin protección Baby, Dios nos guarda Me gusta que pa" venirte Siempre te tarda" Así como yo Así como yo La vecina me dijo Que anoche nos escuchó Te lo dije par de vece" Que bajara" la voz Esto va pa" largo Y ni sé cómo surgió Tú eres como yo Ma", tú eres como yo Por eso cuando chingamos Siempre son más de do" Si él supiera to"a las vece" Que nunca se enteró Dile que no compre flore" Que eso ya se pudrió Tú me hiciste cosita" Que no se olvidan Voy pa" la calle hoy Por si está" aburrida Si todavía en tu cama Estoy bienvenida Yo también me imagino Yo abajo y tú arriba Vamo" a verno" otra vez Pa" refrescar la mente Pero vamo" al revés Pa" ver cómo se siente Hay parking atrá" Por si no hay al frente Vamo" claro pa" lo oscuro Y sin transparente "Tamos conecta"os Aunque en la disco nunca hay señal Me tiene" dibujando Corazone" en el cristal La finada boté Vamo" a hacerlo en mall Vámono" pa" dentro Y lo bajamo" con sal Porque la última vez No fue la última vez Tú me debía" algo Y anoche te lo cobré Yo no te pedí un besito Pa", yo te lo robé Y los dos sabemo" lo que pasó después Baby, la última vez No fue la última vez Tú me debía" algo Y anoche te lo cobré Yo no te pedí un besito Ma", yo te lo robé Los dos sabemo" lo que pasó después',2);
INSERT INTO CANCIONES VALUES(23,'EN LA ORILLA','3:55','Urbano latino, Dembow','Lo nuestro no pasa de hoy Puedes llegar si quieres a donde estoy Y a tu amiga dile, por favor, que no llame Que quiero escuchar musiquita mientras te doy (baby, mientras te doy) Y tú brillas pero tu corazón sigue oscuro Quiero hacértelo como el anterior nunca pudo A ti te miro a los ojos, yo no disimulo Estoy que te amarro y pa" PR te mudo ¿Y qué tal si lo hacemo" en la orilla? Pa mí te ve" mejor cuando el sol te maquilla Esos ojito" tuyo" del color del mar Me tienen delirando, haciendo todo mal Así que dime si lo hacemo" en la orilla Pa" mí te ve" mejor cuando el sol te maquilla Esos ojito" tuyo" del color del mar Me tienen delirando, haciendo todo mal, todo mal Tú y yo en la arena, quítate la diadema Y suéltate el pelo y olvídate por hoy de tus problemas Si eres la cárcel yo quiero mi condena Que sea de por vida, ma, tú corres por mis venas Ese cuerpito es de atleta y eso que ni hace dieta Hoy salió sin corazón, lo metió en una gaveta Pa" misa los domingos, los lunes vuelve y peca Ponte bonita hoy, bebé, que voy de calle Y esto no pasa de hoy Puedes llegar si quieres a donde estoy Y a tu amiga, por favor, dile que no te llame Que quiero escuchar musiquita mientras te doy, ey Y tú brillas pero tu corazón sigue oscuro Quiero hacértelo como el anterior nunca pudo A ti te miro a los ojos, yo no disimulo Estoy que te amarro y pa" PR te mudo ¿Y qué tal si lo hacemo" en la orilla? Pa" mí te ve" mejor cuando el sol te maquilla Esos ojito" tuyo" del color del mar Me tienen delirando, haciendo todo mal Así que dime si lo hacemo" en la orilla Pa" mí te ve" mejor cuando el sol te maquilla Esos ojito" tuyo" del color del mar Me tienen delirando, haciendo todo mal, todo mal',2);

--ALBUM_3--
INSERT INTO CANCIONES VALUES(24,'CUANDO ME VEN','2:58','Urbano latino','Sin la ayuda de ustede" yo progresé Cuando me bendicen no puede ser Dio" me bendice, pero Lucifer "Tá buscando que yo pierda la fe Los mío" preguntándome qué hay que hacer Las babie" llamando, lo quieren hacer Me celan porque como yo quieren ser Y no pueden ni volviendo a nacer Sin la ayuda de ustede" yo progresé Cuando me bendicen no puede ser Dio" me bendice, pero Lucifer "Tá buscando que yo pierda la fe Los mío" preguntándome qué hay que hacer Las babie" llamando, lo quieren hacer Me celan porque como yo quieren ser Y no pueden ni volviendo a nacer Ante" cobraba ciene", ahora cobro mile" Quiero millone" como un drug dealer Que pa"cá no vuelvan cuando se viren ¿Quiere" problema"? Tú solo dime Tienen el récord de mamar bicho Alguien que lo" apunte al libro de Guinne" Yo sigo invicto, tú tiene" el winner Pasaron de moda como lo" aro" spinners (skrrt) Cuando salgo se forma el revolú Dime, Fara, manito, dame lu", ey Como to"a las cancione" están cogiendo millone" ello" dicen que estoy comprando view" Ey, yo soy leyenda desde que hice mi debut Yo soy leyenda desde que hice mi debut Dale pa" allá, que aquí no capeamo" feka No te vo"a mentir, como dice Miky Woodz Sin la ayuda de ustede" yo progresé Cuando me bendicen no puede ser Dio" me bendice, pero Lucifer "Tá buscando que yo pierda la fe Los mío" preguntándome qué hay que hacer Las babie" llamando, lo quieren hacer Me celan porque como yo quieren ser Y no pueden ni volviendo a nacer Sin la ayuda de ustede" yo progresé Cuando me bendicen no puede ser Dio" me bendice, pero Lucifer "Tá buscando que yo pierda la fe Los mío" preguntándome qué hay que hacer Las babie" llamando, lo quieren hacer Me celan porque como yo quieren ser Y no pueden ni volviendo a na", ni volviendo a nacer (jaja) Le pido a Dio" que me cuide de toda" las maquinaciones" del diablo Yo soy el hijo de milagro" Estoy convirtiendo en dinero las cosa" que hablo Quiero que mi cara la pongan en cuadro" Leyenda en la calle a lo Pablo Yo no le" pido ayuda, yo me meto al estudio y si empiezo no paro Y ustede" lo saben Lo que no entiendo e" por que se hacen Mucho" tratan de copiarme el flow y no saben que con esa mierda se nace Con cristale" abajo botando humo puede que me vea" cuando pase "Toy seguro de que mi lugar no habrá quien lo reemplace, no Sin la ayuda de ustede" yo progresé Cuando me bendicen no puede ser Dio" me bendice, pero Lucifer "Tá buscando que yo pierda la fe Los mío" preguntándome qué hay que hacer Las babie" llamando, lo quieren hacer Me celan porque como yo quieren ser Y no pueden ni volviendo a nacer Sin la ayuda de ustede" yo progresé Cuando me bendicen no puede ser Dio" me bendice, pero Lucifer "Tá buscando que yo pierda la fe Los mío" preguntándome qué hay que hacer Las babie" llamando, lo quieren hacer Me celan porque como yo quieren ser Y no pueden ni volviendo a na-, ni volviendo a nacer Jaja',3);
INSERT INTO CANCIONES VALUES(25,'LO INVERTÍ','2:53','Urbano latino','No me conformo, no Ey Yo no me conformo, mami, no te vo"a mentir (no te vo"a mentir, nah) Por eso fue que cogí dinero y lo invertí (jaja) Mi sueño perseguí, mira en lo que me convertí (mira en lo que me convertí, yeah) Al que no creyó, yo siempre se lo advertí (siempre se lo advertí) Yo no me conformo, mami, no te vo"a mentir (no te vo"a mentir) Por eso fue que cogí dinero y lo invertí Mi sueño perseguí, mira en lo que me convertí (en lo que me convertí) Al que no creyó, yo siempre se lo advertí (siempre se lo advertí) Lo" que no creyeron mamaron cuando me vieron Cabrone", se la" quité, nunca digan que me la dieron Dicen que cogieron musa, sí, pero a la que me oyeron Dondequiera que Myke Towers va a cantar siempre está lleno To"a las prenda" en hielo, estoy frío con el joyero (con el joyero) Vario" que se viraron, o lo" mataron o lo" cogieron (lo" mataron o lo" cogieron) Por eso yo el dinero ni lo encaleto ni lo congelo (ni lo encaleto ni lo congelo) Yo lo pongo en juego, cabrone", y hablamo" luego Miren lo que me convertí, las babie" loca" con el Young Kingz Yo las llevo a correr jetski, si se portan bien les compro un AP Siempre con una demoniaca bellaqueando en un VIP El día que me busquen los feo" me le" escondo por Haití, ey Yo no me conformo, mami, no te vo"a mentir (no te vo"a mentir) Por eso fue que cogí dinero y lo invertí (y lo invertí) Mi sueño perseguí, mira en lo que me convertí (en lo que me convertí) Al que no creyó yo siempre se lo advertí (jaja, siempre se lo advertí) Yo no me conformo, mami, no te vo"a mentir (prende uno y vamo" a hacer dinero, puñeta, no te vo"a mentir) Por eso fue que cogí dinero y lo invertí (mera, indicando, Myke) Mi sueño perseguí, mira en lo que me convertí (no capeamo" feka) Al que no creyó yo siempre se lo advertí (never, ¡prru!) Ey (Miky Woodz) Yo no me conformo, le" voy a hacer pasar bochorno (yeh-yeh) Mando caliente, flow horno (prr, prr) Tengo tanto" chavo" que las paca" parecen de adorno (¿Sabe" lo que te digo?) No quiero puerco" en mi entorno (gang, gang, gang, gang) Y no te miento (prr), que se mueran lo" haters y enemies (no) ¿Quién tú ere" pa" frontearme a mí? La ropa me llega ante" que las tienda" se la" pongan a los maniquíe" (jajaja) Llegó Miyagi, no me ronquen de Karate Kid (yah, yah, oh, oh) Sigo con lo" mío, que están hottie (ey) Si hay problema no hablo yo, habla la forty (prr, prr, prr, prr) Me pegué, pero no me conformo, quiero má" y má" (quiero má" y má") Quiero que mi nombre siempre resalte entre los demá" (yapi-yeh-ya) Aquí no existe reversa, nunca vamos a echar pa"trá" (no, no, no, no) Quiero que de tanto número" que ponga la calculadora quede freezá" (jajaja, yah, ¡yah!) Quiero que en la cuenta de banco haya dinero como pa" tre" vida" má", Miky Woodz (¿Sabe" lo que te digo?) Jajaja Prende uno y vamo" a hacer dinero, puñeta Young Kingz La Sensación de los 90 Pikete", cabrón Gold2 Latin Music Casablanca Records (Miky Woodz) One World Music Indicando, Fara Yeah-yeah',3);
INSERT INTO CANCIONES VALUES(26,'JOVEN LEYENDA','3:12','Urbano latino,Popm,Dembow,hip-hop/rap','Cómo, en dónde, y cuándo, estoy siempre joseando Dime cómo, en dónde, y cuándo, estoy siempre joseando La family rezando, nosotro" negociando Hasta cuando muera mi nombre se va a estar escuchando Me llamaban leyenda desde que yo estaba empezando Dime cómo, en dónde, y cuándo, estoy siempre joseando La family rezando, nosotro" negociando Hasta cuando muera mi nombre se va a estar escuchando Me llamaban leyenda desde que yo estaba empezando Hasta cuando muera a mí me seguirán escuchando Ellos siguen tirando fango, yo sigo cosechando He perdido sere" querido", pero sigo siendo el champion No he cambia"o, fue su forma de verme, se lo" juro por Dio" Santo Esta" mujere" son el diablo, siempre se la pasan tentando Lo que me estoy e" ariscando, el AK lo" deja" brincando Está cabrón, mientra" má" me encierro en el estudio, má" me expando Como engordaron lo" bolsillo", dicen que la" chuleta" se están trepando Dime cómo, en dónde, y cuándo, estoy siempre joseando La family rezando, nosotro" negociando Hasta cuando muera mi nombre se va a estar escuchando Me llamaban leyenda desde que yo estaba empezando Oye Mi nombre corre en la calle como el de lo" bichote" Yo quiero vivir como lo" magnate" Por eso es que sigo llenando el pote ¿Pa" qué tu cree" que yo cojo este trote? Saben que tienen que pasar la prote Efectivo pa" guerrear cuando explote Parece que me gané el pulpote Tengo tentaculo" pa"l que me toque "Manito, you know how it is Respeto y poder adquirí Eso no se compra, infeliz Esto" envidioso" siguen pensando en mí Yo sigo vendiendo CDs Vestío" "e Christian Dior, no me quiero exhibir Los feo" se visten civil Mandé fuego y dinero recibí Me llamaban "leyenda" desde que yo estaba empezando, rrr Oye, el pana tiene un palo que lo" pone a caminar zambo No acostumbro a perder ni tampoco a estar amenazando Yo lo" tengo forzando, los seguimo" buscando Dime cómo, en dónde, y cuándo, estoy siempre joseando La family rezando, nosotro" negociando Hasta cuando muera mi nombre se va a estar escuchando Me llamaban leyenda desde que yo estaba empezando Dime cómo, en dónde, y cuándo, estoy siempre joseando La family rezando, nosotro" negociando Hasta cuando muera mi nombre se va a estar escuchando Me llamaban leyenda desde que yo estaba empezando, jaja',3);
INSERT INTO CANCIONES VALUES(27,'PIN PIN','2:39','Urbano latino','Cómo, en dónde, y cuándo, estoy siempre joseando Dime cómo, en dónde, y cuándo, estoy siempre joseando La family rezando, nosotro" negociando Hasta cuando muera mi nombre se va a estar escuchando Me llamaban leyenda desde que yo estaba empezando Dime cómo, en dónde, y cuándo, estoy siempre joseando La family rezando, nosotro" negociando Hasta cuando muera mi nombre se va a estar escuchando Me llamaban leyenda desde que yo estaba empezando Hasta cuando muera a mí me seguirán escuchando Ellos siguen tirando fango, yo sigo cosechando He perdido sere" querido", pero sigo siendo el champion No he cambia"o, fue su forma de verme, se lo" juro por Dio" Santo Esta" mujere" son el diablo, siempre se la pasan tentando Lo que me estoy e" ariscando, el AK lo" deja" brincando Está cabrón, mientra" má" me encierro en el estudio, má" me expando Como engordaron lo" bolsillo", dicen que la" chuleta" se están trepando Dime cómo, en dónde, y cuándo, estoy siempre joseando La family rezando, nosotro" negociando Hasta cuando muera mi nombre se va a estar escuchando Me llamaban leyenda desde que yo estaba empezando Oye Mi nombre corre en la calle como el de lo" bichote" Yo quiero vivir como lo" magnate" Por eso es que sigo llenando el pote ¿Pa" qué tu cree" que yo cojo este trote? Saben que tienen que pasar la prote Efectivo pa" guerrear cuando explote Parece que me gané el pulpote Tengo tentaculo" pa"l que me toque "Manito, you know how it is Respeto y poder adquirí Eso no se compra, infeliz Esto" envidioso" siguen pensando en mí Yo sigo vendiendo CDs Vestío" "e Christian Dior, no me quiero exhibir Los feo" se visten civil Mandé fuego y dinero recibí Me llamaban "leyenda" desde que yo estaba empezando, rrr Oye, el pana tiene un palo que lo" pone a caminar zambo No acostumbro a perder ni tampoco a estar amenazando Yo lo" tengo forzando, los seguimo" buscando Dime cómo, en dónde, y cuándo, estoy siempre joseando La family rezando, nosotro" negociando Hasta cuando muera mi nombre se va a estar escuchando Me llamaban leyenda desde que yo estaba empezando Dime cómo, en dónde, y cuándo, estoy siempre joseando La family rezando, nosotro" negociando Hasta cuando muera mi nombre se va a estar escuchando Me llamaban leyenda desde que yo estaba empezando, jaja',3);


--ALBUM_4--
INSERT INTO CANCIONES VALUES(28,'SI VEO A TU MAMÁ','2:50','Urbano Latino','Yeh, yeh Todavía yo te quiero Pero sé que es un error Porque ya tú no me quieres Y sin ti me va mejor Y si veo a tu mamá (ey) Yo le pregunto por ti Pa" ver si ya tienes a alguien (ah) Alguien que te haga feliz Y es que estoy arrebatao" Pensando en toa" las veces que te lo metí Pensando en toa" las veces que estuve pa" ti (Pa" ti, pa" ti, pa" ti) No sé por qué diablos me engaño (no) Diciendo que te olvidé cuando te extraño Solo comparto memes, ya yo no escribo nada (nah) Y no he borrao" tu foto, solo la puse privada Maldito año nuevo Y lo que me trajo, ey Me botaron del trabajo Por estar mirando pa" abajo Pensando en ti siempre cabizbajo Me veo gordito, nada que rebajo (ah) No sé por qué la vida me ultrajo (no) Pensando coger un atajo Conocí a alguien, pero no sé, nunca encajo (ah) Al menos que seas tú (tú, tú, tú, tú) Baby, te quiero aunque diga lo contrario Llevo seis meses solitario pero Hoy salí con los muchachos a beber Y dije que de ti no iba a hablar (no, no, no) Son las cinco, ya va amanecer Si no prenden la voy a llamar Hoy salí con los muchachos a beber (eh, eh) Y dije que de ti no iba a hablar (no-no, no-no) Son las cinco, ya va amanecer Si no prenden la voy a llamar Todavía yo te quiero (yo te quiero) Pero sé que es un error (no se hace, no) Porque ya tú no me quieres (no, no) Y sin ti me va mejor (uh-uh) Y si veo a tu mamá, (mami) ey Yo le pregunto por ti (eh, okay) Pa" ver si ya tienes a alguien Alguien que te haga feliz',4);
INSERT INTO CANCIONES VALUES(29,'LA DIFICIL','2:43','Urbano Latino','Ella desaparece, pero aparece cuando le dan ganas Han sido un par de veces y si es por mí le doy toda la semana Se hace la que no quiere, pero llama de madrugada Terminaste sin ropa otra vez pidiendo que te tocara, eh Se hace la difícil, pero se va Anda con la amiga siempre arrebatada Pidiendo que le llegue, eh Que a ella me entregue, eh Pidiendo que le llegue, eh Aunque a veces me niegue, eh (ey, ey, ey, ey) Prende, pasa, dime qué pasó Quería un gatito y lo cazó (lo cazó) De las relaciones se cansó La última que tuvo la atrasó Tú la ves en el VIP Modelo como Hadid Invicta como Khabib Más de cien cabrones que ella deja en read (read) A veces la rola y la weed (weed) Una estrella porno, chinga como Riley Reid Tiene a to" los nenes locos y a las nenas locas (locas) Todos quieren besarle la boca, ey Mírala cómo se toca Bailando es que me provoca Tiene a to" los nenes locos y a las nenas locas (locas) Todos quieren besarle la boca, ey Mírala cómo se toca Perreando es que me provoca Se hace la difícil, pero se va Anda con la amiga siempre arrebatada Pidiendo que le llegue, eh Que a ella me entregue, eh Pidiendo que le llegue, eh Aunque a veces me niegue, eh (ey, ey, ey, ey) Prende, pasa, dime qué pasó Pre-prende, pasa, dime qué pasó Pre-prende, pasa, dime qué pasó Dime qué pasó, ey Tiene a to" los nenes locos y a las nenas locas Locas, locas, locas Tiene a to" los nenes locos y a las nenas locas Locas, locas, locas Eh, eh, eh Eh, eh, eh Súbelo NEO La Paciencia, ey Bad Bunny, baby, be, be Eh, eh, eh Bad Bunny, baby, be, be Eh, eh, eh',4);
INSERT INTO CANCIONES VALUES(30,'PERO YA NO','2:40','Urbano Latino','Yeh, yeh, yeh, yeh, yeh, yeh, yeh, yeh, eh Hoo Okay, ey, ey Antes yo te quería pero ya no Tú me gustabas pero ya no Yo estaba pa" ti pero ya no, eh Pero ya no, eh, pero ya no Antes yo te quería pero ya no Tú me gustabas pero ya no Yo estaba pa" ti pero ya no, eh Pero ya no, eh, pero ya no (ey, ey, ey, ey) Conmigo ya no tienes break, ey Yo no quiero de tu amor fake, ey Ya no estoy pa" ti Ya no estoy pa" ti Conmigo ya no tienes break, ey Yo no quiero de tu amor fake, ey Ya no estoy pa" ti Ya no estoy pa" ti Ahora en todas las redes me sigues Sorry, mami, no me hostigues Pero como yo no se consigue Tú fueras mi J.Lo, yo tu Alex Rodríguez Pero Ahora me gusta otra sicaria que vive por Bayamón A mí ya no me cachas, yo no soy un Pokémon Tengo a otra que me brinca hasta que se joda el camón No quiero que me llores, no vengas con el dramón, no Que ya no estamos pa los tiempos de la high, ey Hace rato que te dije "bye" Gracias por el apoyo, baby, gracias por los likes Yo estoy con cinco cubanas y cuatro hookah en Mokai Me compré una Hayabusa y no te voy a dar una ride En verdad prefiero dárselo a tu mai Contigo no me enfango, no voy a manchar las Off-White Si no te gusta, sorry, esa es la que hay Porque antes yo te quería pero ya no Tú me gustabas pero ya no Yo estaba pa" ti pero ya no, eh Pero ya no, eh, pero ya no (no, no)',4);
INSERT INTO CANCIONES VALUES(31,'LA SANTA','3:26','Urbano Latino ,argentinian trap','Tú no eres una santa, ni yo soy un santo Nos conocimos pecando Ahora me estás buscando Porque quieres más de mí (¡Bad!) Y yo te lo doy (¡Bunny!) Te vienes y me voy (DY) Te lo dije que esto era pa jugar Que no te podías enamorar (¡Sube, sube, plo!) Y ahora me quieres cambiar Sabiendo cómo soy, tú sabes lo que doy No te hagas, tú eres igual (¿qué, qué, qué?) No te hagas la santa, el perreo te encanta (you know) Y ahora me quieres cambiar (yeah yeah, eh) Sabiendo cómo soy, tú sabes lo que doy No te hagas, tú eres igual (yú eres igual, bebé) No te hagas la santa, el perreo te encanta (¡Da-ddy!) Mami, somos polo positivo y negativo (¿qué?) A la flecha de Cupido siempre me le esquivo (cucú) Tenemos secretos guardao en el archivo No va a haber confianza si contigo convivo, baby Estás calentándote (wow), yo calentándome (eh) Y tú dices que tú eres brava, pero a veces te me quita (rrr) Y vuelves y me excitas Pero yo no soy el hombre que necesitas (yeh) Yo no voy con labia, no Tú sabías la que había, baby El romance no es mi área, no No me digas (¿qué?) Que te enamoraste de mí Yo no voy con labia, no Tú sabías (tú sabías), la que había, baby (baby) El romance no es mi área, no No me digas (no me digas), que te enamoraste de mí (mí) Y ahora me quieres cambiar (sube) Sabiendo cómo soy, tú sabes lo que doy No te hagas, tú eres igual (tú eres igual, bebé) No te hagas la santa, el perreo te encanta Y ahora me quieres cambiar (me quieres cambiar) Sabiendo cómo soy, tú sabes lo que doy No te hagas, tú eres igual (trr) No te hagas la santa, el perreo te encanta (Bad Bunny, come on) No me digas que me quieres No me digas que me amas Tú sabes que no te creo Mucho menos en tu cama Seguimos envueltos en la bellaquera, ey Ey, la noche entera Eso de enamorarse no es pa cualquiera Con el corazón dentro de la nevera Lo tengo frío, frío, sorry, pero en nadie confío Tú sigue en lo tuyo y yo en lo mío Buenas noches, fue un placer, ey Pero no me vas a convencer (come, on) Yo no voy con labia, no Tú sabías la que había, baby El romance no es mi área, no No me digas que te enamoraste de mí Yo no voy con labia, no Tú sabías (tú sabías), la que había, baby (eh eh) El romance no es mi área, no No me digas (no me digas), que te enamoraste de mí (¿Qué?) Y ahora me quieres cambiar Sabiendo cómo soy, tú sabes lo que doy No te hagas, tú eres igual (tú eres igual, bebé) No te hagas la santa, el perreo te encanta Y ahora me quieres cambiar Sabiendo cómo soy, tú sabes lo que doy (yo) No te hagas, tú eres igual No te hagas la santa, el perreo te encanta, eh Mucho party, mucho money Daddy Yankee, Bad Bunny Mucho party, mucho money Daddy Yankee, Bad Bunny',4);
INSERT INTO CANCIONES VALUES(32,'LA ZONA','2:16','Urbano latino','Ellos rezan to" los días pa que nosotros nos caigamos No nos dejamos ver, pero to" el mundo sabe dónde es que estamos, ey La presión se siente siempre que llegamos, ey, ey Le caemos solos y con babies nos vamos Y si va" a matar la vibra, pues salte Tú sabías que yo venía a darte No me vengas con que tú no llegas tarde Avísame, que tu amiguita está en fila pa darle Y si va" a matar la vibra, pues salte Tú sabías que yo venía a darte No me vengas con que tú no llegas tarde Avísame, que tu amiguita está en fila pa darle Baby, yo te vo" a guayar la zona Me roncaste de salvaje, de Amazona No se deja, ella misma las detona Cualquier cabrón con ella no corona Baby, yo te vo" a guayar la zona Me roncaste de salvaje, de Amazona No se deja, ella misma las detona Cualquier cabrón con ella no- Los sábados entaca", los viernes en retro Hasta las haters le tienen respeto Ella no se mezcla con cualquier sujeto Yo le meto como agente secreto El perreo en Brava, los monchie" en Kintaro Cabrón, ¿tú no ve" que su flow es caro? La cartera Louis Vuitton original Lo que pa ti es movie, pa ella es normal Chingando paranormal Y si le gusta, lo repite Si no, delete, te jodiste Si la ves pasar, no le pite", ey Que esa mami es élite Y si va" a matar la vibra, pues salte Tú sabías que yo venía a darte No me vengas con que tú no llegas tarde Avísame, que tu amiguita está en fila pa darle Y si va" a matar la vibra, pues salte Tú sabías que yo venía a darte No me vengas con que tú no llegas tarde Avísame, que tu amiguita está en fila pa darle Avísame, que tu amiguita está en fila pa darle Pa, pa darle Avísame, que tu amiguita está en fi- Yo hago lo que me da la gana Lo que me sale de los cojones',4);
--ALBUM_5--
INSERT INTO CANCIONES VALUES(33,'PAR DE TENIS','3:01','Urbano latino, Argentinian Trap','Antes solo tenía un par de teni" Ahora acabo de gastar die" mil en ropa que solo me voy a poner una ve" Increíble cómo cambia to", confía en el proceso, esto no e" de hace un me" Ante" me pichaban, ahora son de do" en do" como el arca de Noé Está cabrón que yo estoy viviendo todo lo que un día yo soñé Cuánta" noche" yo miraba al cielo buscando respuesta" Hablando con Dio", pero a vece" no contesta Sé que él tiene un par de cosa", eso no me molesta Yo sé que he tomado decisione" incorrecta" Codeína, doble vaso, cuatro línea" en dos litro", Ela, ¿qué te pasa? (¡Eh!) Hey, "toy fumando Wedding Cake, pero aquí nadie se casa Wow, juran que juego NBA porque siempre ando con ZaZa (cookie) Hey, como Lil Wayne, no pregunte" qué tiene mi taza Hacen money, pero no saben flipear, no (no) Compran ropa, pero no saben dripear, no (wuh) Quieren la bola, pero no saben driblear, no (uh) Hielo en mi muñeca, parece un glacial, yeah (frío) Esto estaba muerto, le di CPR, yeah (yeah) Tengo má" palo" que un salón de billar, yeah (prr) Tú tienes movie, pero eso e" VCR, yeah (uh) Yo tengo un flow que te puede enviciar, yeah (eh) Más dinero, más problema" Más problema", más pistola" (pew, pew, pew) No, con Ela, no; ello" saben, ma", que eso trae cola (prr, prr) Yo sigo trapeando, tírame al Motorola (prr, prr) "Tá cabrón que hace año" solo tenía un par de teni" Ahora acabo de gastar die" mil en ropa que solo me voy a poner una ve" Increíble cómo cambia to", confía en el proceso, esto no e" de hace un me" Ante" me pichaban, ahora son de do" en do", como el arca de Noé Está cabrón que yo estoy viviendo todo lo que un día yo soñé Cuánta" noches yo miraba al cielo pidiendo perdón Pidiéndole a Dio" que no me cambie el corazón Pa" mí es juego siete, to" los día" siento la presión Desde el día uno siempre tuve la visión Codeína, vaso blanco, cuatro línea" en dos litro", Ela, ¿qué te pasa? (¡Eh!) Hey, "toy fumando Wedding Cake, pero aquí nadie se casa Wow, juran que juego NBA porque siempre ando con ZaZa (tuh-tuh-tuh) Hey, como Lil Wayne, no pregunte" qué tiene mi taza (¡pah-pah-pah)',5);
INSERT INTO CANCIONES VALUES(34,'CLARO CRISTAL','2:41','Urbano latino, Argentinian Trap','Yeah-yeah Yeah Háblame claro, cristal Baby, ya no quiero gritar Y aunque me duela, dime la verda" Pero yo sé que prefiere" pichar ¿Qué pasó con tu corazón? Te toco y me puedo frisar Ya yo ni te puedo abrazar ¿Qué tal si le damo" restart? Yeah Empecemo" de cero Dime qué quiere", te lo voy a dar como mesero Fumando para olvidar, mira este cenicero Si tu novio quiere humo, tengo como hookero Nosotros teníamo" un sueño como Martín Lutero Contigo como y repito como buffet de crucero En mi celu tengo unos video" casero" Dice que me odia, tengo el corazón de acero, yeah Te acostumbraste a la vida de Dom Pérignon Corte de mariposa en tu filet mignon Las pena" las baja con cabernet sauvignon A nuestra película se nos acabó el guion Le preguntan de quién e" eso y dice "Carrión" Y no te miento, tenerte fue una bendición, yeah Y a vece" quiero verte Y yo no soy Wisin, pero yo me tiro la misión, yeah Me levanté con gana", con gana" de comerte Pero yo no te veo, no te veo ni por suerte Yo decía que tú me jodía", ma" Ahora estoy contando hasta los día", ma" Me tiene" rezando de rodilla", ma" Dijo: "Vamo" a verno", tú no digas na" (yeah) Háblame claro, cristal Baby, ya no quiero gritar Y aunque me duela, dime la verda" Pero yo sé que prefiere" pichar ¿Qué pasó con tu corazón? Te toco y me puedo frisar Ya yo ni te puedo abrazar ¿Qué tal si le damo" restart? Háblame claro, cristal Y aunque me duela, dime la verdad Pero sé que tú prefiere" pichar, yeah ¿Qué pasó con tu corazón? Te toco y me puedo frisar, yeah Ya yo ni te puedo abrazar, yeah',5);
INSERT INTO CANCIONES VALUES(35,'NO TE DESEO EL MAL','3:52','Urbano latino, Argentinian Trap','Yeah, yeah Yeah, yeah Yeah Me dice "lo siento" Pero lo siento, no va a cambiar como yo me siento No, no son cuento", no me lo invento Yo fui fiel, soldado 300 No quiero palabra" porque las palabra" Se las lleva el viento, yeah Fueron muchos intento" Quizá no fue nuestro momento, yeah Me dejaste el cora" sin carga, cero por ciento Ahora ando como Jon, cero sentimiento" A vece" pienso que te molesta verme contenta, yeah A vece" pienso que no te deseo el mal Pero si es por mí Cuando eches gasolina prende un gare Ojalá que tenga" un kilo encima y un guardia te pare No te deseo el mal, yeah No te deseo el mal Pero espero que caiga" en regla Nadando en el medio del mar, yeah Pero si es por mí Cuando eches gasolina prende un gare Ojalá que tenga" un culo encima y no se te pare No te deseo el mal, ey No te deseo el mal Pero espero que te enamore" Y también te la quite Neymar Normal, a mí no me venga" a llamar ¿Quién te dijo que te iba a buscar? Yo (jeje) Porque tú ere un pendejo Y yo sé que nunca va" a cambiar Papi, ya me da igual (ey) Espero que te quedes sin gasolina de camino a tu boda KAROL, no sea" mala Mmm, ah, que se joda Que venga la policía Que encuentren cocaína con baking soda Par de seta", moñas verde" como Yoda Crack, marihuana con code, una pistola 512, par de Perco, pali y rola (ey) Mentira, pero espero que te bajen De un avión por no tener mascarilla (ey) Y que el próximo vuelo vaya lleno, no queden sillas Uh-uh, cuánto daría por verte así, aborreci"a Que te coma" algo y te dé dolor de barriga, ey Y cuando vaya" para el baño no tenga" papel Que tenga" que usar las media", pantys y brasier Y real, el mal no te quisiera desear Pero espero que salga" positiva en la molecular Qué cruel, pero má" cruel fuiste tú Desde que yo vi que tú No tenia" corazón yo me puse piquetú Millonario en YouTube Me mandó para el carajo, le dije: "Mejor ve tú" Yeah, yeah, yeah Pero si es por mí Cuando eches gasolina prende un gare Ojalá que tenga" un kilo encima y un guardia te pare No te deseo el mal, yeah, no te deseo el mal Pero espero que caiga" en regla Nadando en el medio del mar, yeah Pero si es por mí Cuando eches gasolina prende un gare Ojalá que tenga" un culo encima y no se te pare No te deseo el mal, ey, no te deseo el mal Pero espero que caiga" en regla Nadando en el medio del mar Me dice "lo siento" Pero lo siento, no va a cambiar como yo me siento No, no son cuento", no me lo invento Yo fui fiel, soldado 300 Me dejaste el cora" sin carga, cero porciento Yeah, yeah, yeah',5);
INSERT INTO CANCIONES VALUES(36,'JOVENES MILLONARIOS','3:02','Urbano latino, Argentinian Trap','Mi primera cubana fue gracia" a la grama Pila "e marihuana pasa por aduana Quieren ver mi cara en primera plana De verme caer se quedaron con gana" Solo quiero el toto, ella quiere ohana Yo quiero los trío" en Copa Cabana Se toca mientra" la amiga lo mama Le caché uno" pantie", son DolceyGabanna Yo tengo hermano", yo no tengo pana" Dicen que son bro", pero cómo se mueven Parecen hermana" Ello" no son unos sapo" Es verdad son más grande que eso Pa" mí que son rana" No quiero fama Solo quiero un cheque porque si me toca irme mañana Que mi mamá pueda comprar Un carro nuevo to" lo" fine" de semana Joseando, joseando, contando en el bando "Toy multiplicando, mujere" tentando Los poli" observando, los chota" hablando Tengo un par de haters, se pasan tirando Tienen ticket, ¿pero el talento pa" cuándo? Si supieran que solo estoy calentando Sigo facturando, ustede" comentando Estoy viviendo lo que ustede" están soñando Yeah, tengo par de shooter" a mi la"o, par de sicario" Gente que mueren, matan por mí tengo vario" Pero no lo" mando, solo si e" necesario Jóvene" empresario", jóvene" millonario" (¡Mula!) Tengo par de shooter" a mi la"o, par de sicario" Gente que mueren, matan por mí tengo vario" Pero no lo" mando, solo si e" necesario Jóvene" empresario", jóvene" millonario" Si hay problema, le llega la manada Me preguntan, pero no digo nada Vivo la vida como si el mundo se acabara No sé si amanezca mañana Siempre le suelto dinero a los teco" en el case Ellos son loco" con mi llegada Si me toca", va" a bailar lambada Y no e" por la música, sino por las bala" Tengo a gente que mata por mí También gente por la que doy la vida Si suelto par de paca" de mil Apuesto que to" los tuyo" se te viran Los miro a la cara y se les ve la envidia Dios mío, que nunca se caigan la" vía" Siempre lo mantengo gangsteril Los mío" hasta por el correo le envían (hey!) Millonario joven No le falta na" a abuela ni a la mother Ahora quieren conmigo to"a" la" top model" Ninguna va a hacer que yo me enamore, ey To"a la orquesta con los peine" de tambore", sí Mando a los delantero", te meten gole" Young Kingz, baby (yeah) Tengo par de shooter" a mi la"o, par de sicario" Gente que mueren, matan por mí tengo vario" Pero no lo" mando, solo si e" necesario Jóvene" empresario", jóvene" millonario" Tengo par de shooter" a mi la"o, par de sicario" Gente que mueren, matan por mí tengo vario" Pero no lo" mando, solo si e" necesario Jóvene" empresario", jóvene" millonario"',5);
--ALBUM_6--
INSERT INTO CANCIONES VALUES(37,'CASTIGO','2:57','Urbano latino','Ya se "tá poniendo de mañana No no" vamo" a quedar con la" ganas La disco ya "tá cerrada Hoy te quiero decir cosas mala" Qué linda "tás hoy, bebé Qué lindo el bronceado que vos tenés A ti todo te queda bien No sé qué pasa conmigo Que siempre que bailo contigo Te digo cosas al oído Te hablo malo, te quiero dar castigo Aunque seamos sólo amigos No sé qué me pasa contigo Que te hablo malo, te doy agresivo Hoy voy a darte castigo, yeh Acabamo" de llegar, tú sólo quiere" farrear Esta" paca" de cien yo te la" quiero gastar Pa" beber pido aguardiente, la champán pa" regar La vi moviendo ese culo y rapidito yo le dije "Hola, bebé, ¿qué más?" De esa finca vos no te acordás La vuelta en que no aguanto más Y quiero repetir eso que tú me das Me dañaste la mente De esa bellaquera aún yo sigo caliente Te cogió la luz, un voltaje de 2-20 Y con el que ella estaba no aguantó la corriente Ya-ya-ya se "tá poniendo de mañana No no" vamo" a quedar con la" ganas La disco ya "tá cerrada Hoy te quiero decir cosas mala" Qué linda "tás hoy, bebé Qué lindo el bronceado que vos tenés A ti todo te queda bien No sé qué pasa conmigo Que siempre que bailo contigo Te digo cosas al oído Te hablo malo, te quiero dar castigo Aunque seamos sólo amigos No sé qué me pasa contigo Que te hablo malo, te doy agresivo Hoy voy a darte castigo, yeah Y yo vo"a hacer una pregunta aquí ¿Dónde "tán esa" mujere" soltera"? De hace rato yo la" veo Son adictas al perreo Desde chamaquita tienen su seteo Y la que se tire, yo la bateo (de ha-, de-de ha-) De hace rato yo la" veo Son adictas al perreo Desde chamaquita tienen su seteo Y la que se tire, yo la bateo Hola, bebé, ¿qué más? De esa finca vos no te acordás La vuelta en que no aguanto más Y quiero repetir eso que tú me das',6);
INSERT INTO CANCIONES VALUES(38,'FELIZ CUMPLEAÑOS FERXXO','2:35','Urbano latino','Haciendo de todo Con ese pirobo Hace mucho te quería ver Cuando eras mi novia no salías y ahora hasta te gusta prender El tiempo que pasamo" junto" como que lo dejamo" perder Yo sé que estoy borracho, pero recuerdo lo rico que bailamo", bebé Tú y yo, bebé, haciendo de todo Tú estás pa" andar con este gato, no con ese pirobo Tú estás solita y yo también, también estoy solo Tómate algo, vamos a perrear, a hacer de todo Que los pana" míos a tus amiga" le hacen coro Tú estás pa" andar con este gato, no con ese pirobo Tú estás solita y yo también, también estoy solo Tómate algo, vamos a perrear, a hacer de todo Que los pana" míos a tus amiga" le hacen coro Te lo di todo To"a la noche yo te pienso cuando tomo Ando mezclando las pastilla" con el romo Y a tus ex novios yo les ofrezco plomo To" los parceros hablándome de ti Te mandaba canciones en el cole en un CD (wow) Estábamos a fuego y lo nuestro lo dividí To"a la noche prendo, ya estoy pensando en ti Yo sé que estás cansada de tanto chimbear Buscando algo que no será igual, yeah El cuerpo que te hiciste lo quiero estrenar Te compré una cadena pa" verte brillar Tú y yo haciendo de todo Tú estás pa" andar con este gato, no con ese pirobo Tú estás solita y yo también, también estoy solo Tómate algo, vamos a perrear, a hacer de todo Que los pana" míos a tus amiga" le hacen coro Haciendo de todo Con ese pirobo',6);
INSERT INTO CANCIONES VALUES(39,'NIEVE','2:20','Tech house, Urbano latino','Me tienes trepando paredes Tú quiere" cuando no se puede Y así hayan otras mujeres, no hay razón pa que me celes Si eres fría como la nieve ¿Pa qué me tiras si me duele? No espere" que solo me quede Ahora por mí solo tú bebe", por mí solo tú bebe" Y solo me ve" por la tele Como los gángster", yo a ti era leal Como CR que estaba en Real Tengo a todito" hablando A lo" santo" están rezando Que no me siga funcionando Te quise tanto, te quise tanto, que Se me olvidó el tiempo que te regalé Tanta" gata" y yo pichando Pudiendo estar nadando En dinero y a toa" chichándome Me tienes trepando paredes (paredes) Tú quiere" cuando no se puede (no se puede) Y así hayan otras mujeres, no hay razón pa que me celes Si eres fría como la nieve Me tienes trepando paredes Me tienes trepando paredes ¿Pa qué me tiras si me duele? No espere" que solo me quede Ahora por mí solo tú bebe", por mí solo tú bebe" Y solo me ve" por la tele Me tienes trepando paredes Me tienes trepando paredes',6);
INSERT INTO CANCIONES VALUES(40,'FERXXO 100','2:47','Urbano latino','Ey, lady, mi amor Feliz cumpleaños Maestro Wow Otra vez borracho otra madrugada Viendo mi cel", pero tú no me escribe" nada Me acuerdo cuando tú y yo prendíamos uno allá en la ventana Estaba escuchando los temas que yo te dediqué Puro perreo explotando ese Bose, ey-yeah Hoy salí con alguien dizque porque te olvidé Pero la miro y me acuerdo de ti No sé cómo explicarte lo que sentí (sentí) Salgo to" los día" pa" la calle, a ver si te veo por ahí (te veo por ahí) Yo todo intenso preguntando por vos Te mando música por notas de voz Y solo espero que si no vuelves conmigo, siempre te cuide Dios Pero la miro y me acuerdo de ti No sé cómo explicarte lo que sentí (sentí) Salgo to" los días pa" la calle, a ver si te veo por ahí (te veo por ahí) Yo todo intenso preguntando por vos Te mando música por nota" de voz Y solo espero que si no vuelves conmigo, siempre te cuide Dios (wow) Qué falta me haces tan hijueputa, cogiste otra ruta Soltarte o no soltarte es mi disputa Mi amor, ¿el mal de amor cómo se cura? Me echaste como echaron de Philipp Plein a la Segura Bebé, ¿esta noche qué vas a hacer? Te necesito ver Yo solo quiero que me pienses estés donde estés Ya ha pasao" más de un mes Yo nunca la cagué Solo espero que me creas Bebé, ¿esta noche qué vas a hacer? Te necesito ver Yo solo quiero que me pienses estés donde estés Ya ha pasao" más de un mes Yo creí que te olvidé Pero la miro y me acuerdo de ti No sé cómo explicarte lo que sentí Salgo to" los día" pa la calle, a ver si te veo por ahí Yo todo intenso preguntando por vos Te mando música por nota" de voz Y solo espero que si no vuelves conmigo, siempre te cuide Dios Pero la miro y me acuerdo de ti Uh uh uh Mmm (Yo todo intenso preguntando por vos Te mando música por notas de voz Y solo espero que si no vuelves conmigo siempre te cuide Dios)',6);
INSERT INTO CANCIONES VALUES(41,'BELIXE','2:35','Urbano latino','Un vodka con hielo Llegué pa hablar y habían tres baretos en el cenicero Tú resaltas Estabas tan chimba, toda arreglada hasta el pelo, ey, uy No estaba fácil esa noche, ey Me estabas peleando por lo del bote Yo pensando en tu cuerpo y tú pensando lo peor Dime, mami, ¿qué lo que?, ah Otra vez, otra vez en la playa de Belice Otra vez, otra vez, cuando la tanga te deslicé Otra vez, otra vez en la playa de Belice Otra vez, otra vez, cuando la tanga te deslicé Un vodka con hielo Llegué pa hablar y habían tres baretos en el cenicero Tú resaltas Estabas tan chimba, toda arreglada hasta el pelo, ey, uy No estaba fácil esa noche, ey Me estabas peleando por lo del bote Yo pensando en tu cuerpo y tú pensando lo peor Dime, mami, ¿qué lo que?, ah Otra vez, otra vez en la playa de Belice Otra vez, otra vez, cuando la tanga te deslicé Otra vez, otra vez en la playa de Belice Otra vez, otra vez, cuando la tanga te deslicé',6);
--ALBUM_7--
INSERT INTO CANCIONES VALUES(42,'NORTH CAROLINA','2:56','Urbano latino, Rock en español, Hip-hop/Rap','Ey, ey Los reye" con los diose" Eladio Carrión, ¡sendo cabrón! Brr Yo no confío ni en mi sombra Esa puta me deja cuando cae la noche Me siento como en North Carolina Jordan ¿Serán ángele" o demonio" to"a esta" voce"? (brr) No te preocupe" por mí, yeah Que estoy viviendo bien cabrón "Toy fumando ZaZa dentro "e la G-Wagon Los poli" llegaron, la droga botamo" Llamé un par de amiga" y amiga" llamaron "Anuel, ¿por qué tú ere" tan serio?" Porque de confia"os está lleno el cement?rio "Anuel, ¿pero cuánto tú fuma" al día?" Usualmente 20 Phillie" e" el promedio (prr) Llevé en el Bugatti a mi hijo en el colegio Y estaba con Leo Messi y con Sergio (¿ah?) Ya no estoy con Karol y no e" un misterio (jaja) En este nivel casi ni voy pa" los premio", brr (brr) Yeah, me puse a"lante cuando coroné Bolsillo como jersey, el de Kevin Garnett Mi flow "tá añeja"o como un buen Cabernet Jugando vivo, no quiero má" Moët Que los hater" "tán viendo, hay que estar pendiente Cuatro ojo", pero no uso lente" Si la visión es dinero, tú supiste, tengo 20/20 A los veintiuno, Roberto Clemente La corta encima en la entrevista de Chente La cantida" "e rifle" que tengo guarda"o Son la cantida" de GRAMMYs de Residente (¡ja!) Y la lealtad te hace familia y la sangre te hace pariente (brr) Dijeron que Anuel se apagó, uh, deja matar a esta gente Siempre en primera fila en la NBA o UFC (o UFC) Si la fama es una puta, ya esa puta le metí Ni preso yo me apago, cabrón, la luz yo se las di (yo se las di) To"a esta" barra" están pateando como Neymar en Pari" Yeah-yeah, 512 pa" aliviar todo el dolor Tramadol, yo estoy frío en LA como LeBron, Pau Gasol Si quiere" la conne, ya tú sabe", dame un call Son tres cero" en la combi, filoteo de Christian Dior Los pulmone" verde", mi vaso morado Alguno" de Cali, otro" Colorado Me tienen los ojo" un poco colorado" Despierto ya tengo dos blunte" enrolado" Soldado empepado con casco nublado No saben más na", yo trato de ayudarlo" Dios sabe, mil vece" he trata"o de sacarlo" El diablo "tá envuelto que quiere quemarlo" Yo no confío ni en mi sombra Esa puta me deja cuando cae la noche Me siento como en North Carolina Jordan ¿Serán ángele" o demonio" to"a esta" voce"? No te preocupe" por mí Que estoy viviendo bien cabrón Capsuleando ZaZa dentro "e la G-Wagon (oh-oh, oh-oh) Los poli" llegaron, la droga botamo" Llamé un par de amiga" y amiga" llamaron (¡brr!) ¡Puta!',7);
INSERT INTO CANCIONES VALUES(43,'1942','2:58','Urbano latino, Rock en español, Hip-hop/Rap','Sé real, no sea" una fan de mi mente Esta" mujere" aquí se vienen y se van Mami, tú te ves mejor que Karel y Celian Pero tú no sabe" quién son ella" y no me entenderá" Conversemo" un poquito (un poquito) Chingué tres veces esta semana, te lo admito Tengo en los hombro" un ángel con un diablito Pero tú eres mi culito favorito Te busco en los dos R en PR Y si un policía nos llega a parar ¿Qué pasó, guardia cabrón? El pasto e" medicinal Cuando me arrebato y "toy bebiendo ese soy yo de verdad Ya sé porque dicen que el borracho dice la verdad Ámame vivo, no me ame" muerto Perdí mi mente y todavía no la encuentro Honestamente El borracho no miente ¿Tú cree" en el amor? Porque en verdad yo no (mera, yo no) No sé quién carajo e" tu ex, pero él sabe quién soy yo (él sabe) Te prometí siempre ser el mismo, pero algo me cambió El dinero y poder a mí me endemonió Bajo pa" PR y dicen que llegó el nene Ponte la película en semana o en weekene" Yo haría to" eso contigo, pero en mix Solo me quieres buscar cuando tú no ere" Dio" Y me llamas pa" chingar, hasta me tuve que reír Y empezamo" a discutir No espere" a que me muera mañana Pa" demostrar que en verdad tú me ama" No, oh-oh-oh Yo te necesito a ti, y to" lo" día" a Dio" Ya yo ni me enamoro Contigo va a ser la excepción Vamo" a darno" otro shot de 1942 Y si siente" algo duro cuando te abrace Bebé, ese e" la veintidó" (brr) Ámame vivo, no me ame" muerto Perdí mi mente y todavía no lo encuentro Honestamente El borracho no miente (no miente, uah, uah) Real hasta la muerte Uah, yeah, uh-oh Uh-oh',7);
INSERT INTO CANCIONES VALUES(44,'RICK FLAIR','3:56','Urbano latino, Rock en español, Hip-hop/Rap','Papi, cuando vean trece guagua" negra" Lincoln blindá" por Teadoro Ya ustede" saben que el rey está en la isla Real hasta la muerte, ¿oíste, cabrón? Brr Ric Flair pa" esta" puta" Hablando con la" culebra" en la medusa Empacamo" lo" kilo" y lo" subimo" pa" la USA Las Glock son de Alemania y to"a la" AK son rusa", brr No frontee", que tu mujer "tá loca que yo la fuetee El tanque le fuleteé No frontee", y si te pillan las tre" letra" no chotee" O vo"a hacer que te seteen No frontee", que tu mujer "tá loca que yo la fuetee El tanque le fuleteé No frontee", y si te pillan las tre" letra" no chotee" O vo"a hacer que te seteen Qué cojone" convertí tre" prisione" en mansione" Y tre" año" en millone" y comisario" en Christian Diore" Y yo no he hecho Choliseo Pero son doce mil soldout cada ve" que voy pa" un juego "e lo" Capitane" y veo Tengo lo" R Sport y la calle e" mi deporte Y perico no e" como yo y no tiene corte Suben de precio cuando lo mando pa"l norte El fiscal que me mame el bicho en la corte Matando gente por la" libras, tú da" asco Esto no e" México, pero te picamo" el caco Y al AK le puse el nombre Robin Draco A vece" le doy de"o cuando está bellaco Monta"o en la UConn, la cuarenta con seno" sin silicón Si tu pai era una rata, cabrón, tú ere" un ratón Y lo" federale" me tienen bajo investigación Y si me toca" la puerta, me vo"a a tirar por el balcón ¿Indicment de qué carajo?, de lenta son lo" trabajo" Dos hermano" en el cielo, los demá" están abajo en el infierno Y toa" las noche" con el rifle duermo Un millón en la cadena y en el cuello tengo un invierno Ya te ubiqué y "toy esperándote en la marginal Son cuatro" carro" pa" matarte frente al tribunal No va a haber paz, te vamo" a tirotear el funeral Te juro que en paz tú no va" a descansar Ric Flair pa" esta" puta" Hablando con la" culebra" en la medusa Empacamo" lo" kilo" y lo" subimo" pa" la USA Las Glock son de Alemania y to"a la" AK son rusa" No frontee", que tu mujer "tá loca que yo la fuetee El tanque le fuleteé No frontee", y si te pillan las tre" letra" no chotee" O vo"a hacer que te seteen (Canto "e chota) No frontee", que tu mujer "tá loca que yo la fuetee El tanque le fuleteé No frontee", y si te pillan las tre" letra" no chotee" O vo"a hacer que te seteen Venite y doce, cabrón, y la cena es de Canadá El tiroteo quedó grabado en las cámara" Los pusimo" a dormir de la primera ráfaga Despué" hora" mis hijo" le" puso la sábana La" corta" Glock y las gafa" negra" Prada La Rubicon blindá" resiste hasta granada" Sangre de ídolo cuando me marco Yo vivo lo que tú "tás viendo en Netflix Narco" No te puedo da" la lu", cooperas con lo" federico" No te puedo da" la lu", cooperas con lo" federico" (mera dime, Rochy) Las teta" en el R son como los cachete" "e Quico Y Wilt Chamberlain en el NBA pa" darte ciento y pico Pilla al cabrón que el pana mío me mató Y ante" de matarlo a él, el negro por él oró (Amén) Que Dios te guarde y que te guarda en el infierno Y que me entierren con un Carbon porque vamo" a volver a verno" Ric Flair pa" esta" puta" Hablando con la" culebra" en la medusa Empacamo" lo" kilo" y lo" subimo" pa" la USA Las Glock son de Alemania y to"a la" AK son rusa" No frontee", que tu mujer "tá loca que yo la fuetee El tanque le fuleteé No frontee", y si te pillan las tre" letra" no chotee" O vo"a hacer que te seteen Jajajaja Real hasta la muerte, ¿oíste, cabrón? Los Iluminati ¿Ah? Brr Mvsis, De La Crux Dime, Nely, "El Arma Secreta" Brr Mera dime, EQ',7);
INSERT INTO CANCIONES VALUES(45,'PIN','3:41','Urbano latino','Sunlight, ¿qué cojone"? Yo soy como soy y eso te incomoda (te incomoda) Tampoco aparento ser otra persona (otra persona) Pero qué carajo (qué carajo) Lo de nosotro" ya va cuesta abajo, ey (cuesta abajo) Y últimamente contigo yo cojo lucha (ey) Quisiera conversar, pero tú nunca escucha" (escucha") Puñeta, ¿qué cojone"? (Jaja) Ahora me toca hablarte en las cancione" (brr) Qué carajo, ahora tú te la pasa" hablando mierda Pasaste a ser un día perdido en mi agenda Pa" que sepa", si me escribe" (si me escribe") Te vo"a mandar un PIN falso pa" que te pierda", ah-ah Sea la madre, ahora tú te la pasa" hablando mierda (oh-oh, yeah) Pasaste a ser un día perdido en mi agenda Pa" que sepa", si me escribe" (si me escribe") Te vo"a mandar un PIN falso pa" que te pierda", bebé Pa"l carajo el amor, "toy en mala fama (fama) Ando to"a la noche rulay desde que tú no llama" (tú me llama") Ayer me entró la ansieda" y fuimo" pa" Coachella (coachella) Ando con una hijueputa que nunca me cela (me cela) Tú busca" algo perfecto y no ve" que soy yo (yo) Porque mis imperfeccione" son mi perfección Tu recuerdo yo lo quemo cuando prendo un blunt La bola estaba en tu cancha y perdiste el balón (balón) Te juro que to" los culo" nuevo" son mejore" (son mejore") Pero no te equivoque", también los anteriore" (jeje) Amore" de mentira, amore" de condone" (condone") Y la movie sigue igual, cambiaron lo" actore" Qué carajo, ahora tú te la pasa" hablando mierda Pasaste a ser un día perdido en mi agenda (mi agenda) Pa" que sepa", si me escribe" (si me escribe") Te vo"a mandar un PIN falso pa" que te pierda", ah-ah Sea la madre, ahora tú te la pasa" hablando mierda (oh-oh, yeah) Pasaste a ser un día perdido en mi agenda (en mi agenda) Pa" que sepa", si me escribe" (ey) Te vo"a mandar un PIN falso pa" que te pierda" (yeah), bebé (yeah) Tengo el corazón negro, los trago" amarillo" (amarillo") Prenda" llena" "e hielo, el cuello lleno "e brillo Teníamo" un imperio y arruinamo" el castillo Tú sabe" que eso e" mío, quédate con el anillo (uah) Bebé, ¿qué carajo? Yo no soy Don Omar (no) Lo único que tenemo" en común e" fumar (e" fumar) Tú ere" como la" ola", que hasta ahí van a llegar Ando de luto porque el amor en paz va a descansar Machina y tequila (yeah), la hookah prendía", aquí (oh-oh-oh-oh) No quiero escuchar otra puta canción de amor (oh-oh-oh-oh), woh-oh-oh La disco encendía (yeah), pastilla" y bebida pa" mí (yeah-yeah) Que no me pongan otra cabrona canción de amor (no, no), woh-oh-oh-oh Qué carajo, ahora tú te la pasa" hablando mierda (hablando mierda) Pasaste a ser un día perdido en mi agenda Pa" que sepa", si me escribe" Te vo"a mandar un PIN falso pa" que te pierda", ah-ah (yeah, yeah) Sea la madre, ahora tú te la pasa" hablando mierda (hablando mierda) Pasaste a ser un día perdido en mi agenda (en mi agenda) Pa" que sepa", si me escribe" (ey) Te vo"a mandar un PIN falso pa" que te pierda", bebé Pa" que te pierda" No siga" hablando mierda Soy como soy, entienda" o no entienda" Brr Real hasta la muerte, ¿oíste, bebé? No quiero que más nadie me hable de amor Ya me cansé, to" esos trucos ya me los sé Esos dolores los pasé, yeh, yeh, yeh No quiero que más nadie me hable de amor Ya me cansé, to" esos trucos ya me los sé Esos dolores los pasé, yeh, yeh, yeh',7);
INSERT INTO CANCIONES VALUES(46,'MCGREGOR','4:43','Urbano latino','Hermano, mándame un saludo, cabrón, que tú eres el titán ¡Tú eres el ídolo, cabrón! ¡Maldito ídolo, genio! ¡Mundial, ídolo supremo! ¡Maldito genio!, marico, eres el monstruo, bro ¡Eres la maquina! Marico, diablo", weon, ¡no puede ser! ¡La leyenda! Dicen que el dinero no es todo pero Tus hijo" no van a comer de un legado o de una trayectoria Por eso yo lo hago por el dinero ¡Brr!, ¿ah? Ey, yo soy el más odiao" (el más odiao") McGregor en el octágono Gane o pierda, yo soy el más pagao" (McGregor) Un millón por un show Sin soltar una canción en cinco mese" En verda" que dije "Wow" (un millón) Ya ni me quieren en los premio" porque la realida" E" que to" el mundo sabe que yo siempre estoy armao" (brr) Y yo soy tan hijo de puta Que ya yo ni estoy con Karol Y el tatuaje nunca me lo he borrao" Tengo un diablo en el hombro hablándome Y un ángel en el Rolls Royce, ey Lo logramo", to" el mundo me está comparando Con Yankee y con Don, ey Tengo un AK pistol en el carro, cabrón Soy Ben Wallace en Detroit, ey Le doy de"o al gatillo Y toda" las balas te entran sin condón Dinero está entrando Federale" "vestigando Má" rifle" "toy comprando Mi" diablo" cazando ¿Quién carajo eres tú? (¿Quién carajo eres tú?) ¿Quién carajo eres tú? (¿Quién carajo eres tú?) Bendicione" pa" to" mis hermano", dinero y salu" (dinero y salu") ¿Quién carajo eres tú? ¿Quién carajo eres tú? (¿Quién carajo eres tú?) El respeto se gana, aquí tú traiciona" y vas pa"l ataú", brr Cabrón, yo tengo hermano", no tengo amigo" Son hijaeputa", to"s asesino" Le dimo" dedo al 47 y se vino Y ahora hay uno tirao" al frente "el casino Ángele" y demonio" en la cabina La corta debajo "e la jersey De Yadier Molina, ya to" esto rutina Los de cien son azule" como el pelo de Carolina Yo llego pa" los Grammy"s Dejo el palo en el carro con tres peine" de banano", brr Ando con par de cubano Pero aquí se fuma pasto, aquí no se fuma habano" Los ojo" rojo" como el diablo Y sienten la vibra de un demonio cuando yo camino (endemoniao") ¿Qué tú quiere"? ¿Que te secuestremo" Y que te matemo" torurao" o que te matemo" a tiro"? Te voy a meter Biri Bam Bam Porque a la .40 le puse Selena Que Dios me perdone, pero Aquí matamo" a Juda" en la última cena Me encantan las blanquita" Pero estoy enamorao" de la .30 que es morena Yo estoy bien millonario y el cabrón que me arrestó Está esperando la quincena, brr Dinero está entrando Federale" "vestigando Má" rifle" "toy comprando Mi" diablo" cazando ¿Quién carajo eres tú? (¿Quién carajo eres tú?) ¿Quién carajo eres tú? (¿Quién carajo eres tú?) Bendicione" pa" to" mis hermano", dinero y salu" (dinero y salu") ¿Quién carajo eres tú? ¿Quién carajo eres tú? (¿Quién carajo eres tú?) El respeto se gana, aquí tú traiciona" y vas pa"l ataú", brr Yo soy Tyson en el "96 Y Kobe posteao" tirando el fade away Cabrón, yo le dije a mi armero Que el AK pistol los parte como la pierna de McGregor Te metemo" treintaiocho en la carota como Jordan en el Flu Game En el Lambo Bruce Wayne Tú no fueras Drake si yo no fuera Little Wayne, ¡brr! Millonario sin un Grammy Sin un Grammy le compré una casa "e dos millone" a mami Cinta amarilla y tiza El que quiera pauta se la damo" con un "RIP" en las camisa" Mere cabrón, ¿te vas a hacer? En el género nadie va a hacer lo que yo pude hacer Vete preso a hacer tiempo Y que el juez te de tre" año y pega toa" las cancione" que pegué Y saca un álbum el día de release Y ponlo número uno cómo yo cuando salí Nadie creía en mí Y en el comercial de las Nike con las Jordan Ahí si que me fui (los intocables, los Illuminati") Y gracias Dios mío por contestarle a mami toda" sus oracione" Acabé de cerrar la gira del 2022 en ciento y pico "e millone" ¡Brr!',7);
--ALBUM_8--
INSERT INTO CANCIONES VALUES(47,'MOSCOW MULE','4:05','Reguetón, Urbano latino','Si yo no te escribo Tú no me escribe", ey Si tú quieres, te busco Yo sé dónde tú vive" Quizá hoy está aborreci"a Pero por dentro tú tiene" alegría Si quieres te la saco Dos trago" y sabes Que me pongo bellaco No somo" na" Pero estamo" envuelto" hace rato WhatsApp sin el retrato No guarda mi contacto (ey, ey, ey, ey) Pero se la saco Dos trago" y sabes Que me pongo bellaco No somo" na" Pero estamo" envuelto" hace rato, oh-oh WhatsApp sin el retrato No guarda mi contacto-to Todo e" underwater Baby, vamo" pa"l cuarto quarter En la Uru" comiéndono" el pâté Te vo"a dar duro pa" que no me compare" Ey, cuidao" con ese mahón Que se va a romper (ey) Ese booty lo va a romper (ey) Yo no sé si yo te vuelvo a ver Si mañana me vo"a perder Tú ere" una player Me hiciste un crossover Esta ve" metiste Me diste game over, eh, eh Porque no puedo olvidar El perreo aquel Que se fue viral Dime si mañana te va" a quedar Después de la alarma te lo voy a dar Ey, hoy tú no va" a trabajar, je, no Si quieres te la saco Dos trago" y sabes Que me pongo bellaco No somo" na" Pero estamo" envuelto" hace rato WhatsApp sin el retrato No guarda mi contacto Pero se la saco Dos trago" y sabes Que me pongo bellaco No somo" na" Pero estamo" envuelto" hace rato WhatsApp sin el retrato No guarda mi contacto Me gustan así Piquetúa Mami, qué rica te ve" "esnu"a Quizás no sentiste lo que yo sentí Pero aún te debo una noche en la suite Pa" darte tabla Dale, mami, habla Tú ere" una diablona No te haga" Pa" darte tabla Dale, mami, habla Tú ere" una diablona No te haga" No, no, no, no (no, no, no, no) No, no, no, no (no, no, no, no) No, no, no, no (no, no, no, no) Ey, yo no sé tú Pero yo quisiera amanecer "esnu" En una playa por Balí, si no, Cancún Pide otro Moscow Mule (ey) Que ando en nota, nota Ven y choca Conmigo que se joda Baby, tú "tás grandota Pero hoy ando en nota, nota Ven y choca Conmigo que se joda, eh Que se joda, ey Mami, tú quieres perreo Tú quieres perreo Tú quieres bellaqueo Tú quieres bellaqueo Mami, tú quieres perreo Tú quieres perreo Tú quieres bellaqueo',8);
INSERT INTO CANCIONES VALUES(48,'DESPUES DE LA PLAYA','3:50','Merengue, Mambo, Urbano latino, Música tropical','Yeh-yeh, yeh-yeh, yeh-yeh, eh Ja-ja Eh-eh, eh-eh, eh Tú dices que no me atrevo Si supieras que yo ando a fuego Dime qué tú juega" y yo lo juego No lo dejemo" pa" luego, no Que la luz ya se fue Y la noche llegó, ey Quiero saber si usted Quiere lo mismo que yo Dime pa" dónde vamo" después de la playa Si nos secamo", yo traigo la toalla Y de nuevo nos mojamo", pero en mi cama Te vo"a dar tabla de surfear, yeh Dime pa" dónde vamo" después de la playa Si nos secamo", yo traigo la toalla Y de nuevo nos mojamo", pero en mi cama Te vo"a dar tabla de surfear, bebé Dime, ¿vamo" pa"l mambo o no vamo" pa"l mambo? Tú me dice", mami ¡Zumba! ¿Qué? Ey, ey, ey Hoy sí que sí, ¡ah! Dime pa" dónde vamo" después de la playa Si nos secamo", yo traigo la toalla Y de nuevo nos mojamo", pero en mi cama Te vo"a dar tabla de surfear, bebé Mami, tú vive" lejo" (¿qué?) Pero como quiera", yo vo"a buscarte Porque tú tas buena y te lo merece" (tú tas rica) Al frente"l mar es que yo quiero darte Pa" que se pongan contento" tos lo" pece" Y tú estás mojá, yo estoy ready pa surfearte (yo estoy ready) Tranquila, que yo sé que esto e"a vece" (normal) La otra ve" en la playa te emborrachaste (¿cómo fue?) Y pediste que te bese, yeh ¿Cómo? Ey, ey, ey, ey, ey, ey, ey, ey ¡Prende eso, prende eso, prende eso! ¿Cómo? Ando con el apechao Que no me llame nadie hoy, ¿okay? Me lo vo"a beber to" (¡ja!) Ey, to" el mundo borracho bailando en la playa Sintiendo el calor, sintiendo el calor Tú llevas rato mirando y mirando Pégate mejor, pégate mejor De esa chapa se habla en toa" las barbería" Y en el colmadón, y en el colmadón (¿cómo?) Ey, tu novio se cree Romeo y yo le vo"a hacer como Don Le vo"a hacer como Don, ¿qué, qué, qué? Salí con tu mujer Ya Dio" me perdonó, falta" tú ¿Qué, qué, qué? Toy borracho, borracho Ey, ey, ey, ey, ey, ey ¿Qué tú dice" de esto? No le vo"a bajar, ¿okay? No le baje", no le baje" Ah, ah, ah, ah, ah, ah, ah (¿cómo?) Ey, ey, ey, ey, ey ¡Qué gozadera! (Ey, ey, ey, ey, ey) que no se apague Ey, ey, ey, ey ¿Pa"ónde vamo"?, ¿pa"ónde vamo"?, dime, despué" de aquí Mira ¿Y este cabrón quién e"? Que está cogiendo cerveza en la neverita, tú, eh ¿Anda con nosotro"? Ah, okay, okay, okay, okay, dale',8);
INSERT INTO CANCIONES VALUES(49,'ME PORTO BONITO','2:58','Reguetón, Urbano latino, Música tropical','Yeah-yeah-yeah-yeah-yeah-yeah, ey En la guagua se quedó el olor De tu perfume Tú ere" una bellaca, yo soy un bellaco Eso e" lo que no" une Ella sabe que está buenota Y no la presumen Si yo fuera tu gato Subiera una foto los vierne" y los lune" (so) Pa" que to" el mundo vea Lo rica que tú está", que tú está" Contigo tengo que apretar Y en la calle ando suelto Pero por ti me quito Si tú me lo pides Yo me porto bonito Y subo un selfie pa" que vean Lo rica que tú está", que tú está" Las otras tienen que apretar En la calle ando suelto Pero por ti me quito Si tú me lo pide" Yo me porto bonito Ey, ey Tú no ere" bebecita Tú ere" bebesota Frikitona, ma", se te nota Le gustan los trío" Cuando está en la nota Si el novio no sirve De una lo bota Y waoh, mami Dime dónde dejo el resume Sé que te dejaste hace un me" Y de una de pecho me zumbé Si quiere" te hago un bebé O te traigo la" Plan B Uff, mami, qué rica tú te ve" Pa" los 2000 escuchaba RBD Y ahora quiere perreo Toa" la noche en la pared THC, no CBD Mami, tú ere" élite No te me limite" Déjame hacerte Lo que amerite y te levite Dale pa"l escondite No te me arisque" Que aquí no van a poder llegar lo" satélite" Mami, sube algo Dame contenido Ese culo súbelo má" seguido Me paso jangueando A ver si coincido, ey Y por fin doy contigo Mai, nuestra" bellaquera" Nunca la" olvido Ninguna como tú A mí me ha complacido Tú cree" que a toda" Siempre les digo lo mismo Quiere chingar Pero no quiere na" fijo, ey Pero en confianza me confiesa Dice que nadie le interesa Pero cuando sale, se pone traviesa (ey) Pa" que to" el mundo vea Lo rica que tú está", que tú está", ey Contigo tengo que apretar Y en la calle ando suelto Pero por ti me quito Si tú me lo pide" Yo me porto bonito',8);
INSERT INTO CANCIONES VALUES(50,'UN RATITO','2:56','Urbano latino, Música tropical','Yeh, yeh, yeh, yeh Yeh, yeh, yeh, yeh, yeh Ey Quizá yo vuelva con mi ex Y no te vuelva a ver Quizá no te importa Quizá te va a doler Esto es un ratito, uh-oh Mami, no te acostumbres Que el amor es muy bonito Pero siempre hay algo que lo interrumpe Esto es un ratito, uh-oh Mami, no te acostumbres Que el amor es muy bonito Pero siempre hay algo que lo interrumpe Pa mí que yo nací pa estar solo No hay una loca pa este loco El tiempo se va y queda poco Baby, vamos a hacerlo otra vez, a chingar otra vez Porque mañana quizá no voy a estar La luz se puso roja, hay que parar O si quieres nos bajamos y podemos perrear Baby, esto no fue normal Con cualquiera no me acuesto A cualquiera no le meto Ni le cuento mis secretos Me pongo feliz cuando llegan tus textos, porque Con cualquiera no me acuesto, a cualquiera no le meto Ni le cuento mis secretos Me pongo feliz cuando llegan tus textos O cuando en cuatro te lo meto Ey, y te mojas toda Contigo me voy a todas, ey Espero que lo hayas pasado bien Y en verdad tú eres bien, pero Mi vida es complicada, tú no vas a entender Un poco inestable como puedes ver Mami, fue rico conocerte Pero no sé si vuelva a verte Esto es un ratito, uh-oh Mami, no te acostumbres Que el amor es muy bonito Pero siempre hay algo que lo interrumpe Pa mí que yo nací pa estar solo (Pa mí que yo nací pa estar solo)',8);
--ALBUM_9--
INSERT INTO CANCIONES VALUES(51,'VOODOO','2:46','Urbano latino','Solo tú (solo tú, bebé) Solo tú puedes controlar esta inquietud (inquietud) Con tu actitud (tu actitud) Y pa" mí que me hizo un voodoo Te veo hasta en las nubes Del cielo azul (del cielo azul, bebé) Yo te necesito, por eso es que te lo suplico Solo hay una vida, ojalá fueran doble (doble) Pa" que decida formar el desorden (-sorden) Yo voy a hacer que no olvides mi nombre (olvides mi nombre) Amo tu vibra, dime cuándo y dónde (cuándo y dónde) Cuando esté cerca, yo espero que estés ready Mereces siete sortijas como Tom Brady, my baby (baby) Si te portas como se debe (como se debe) Friendly, le llegué en la Bentley Qué bien te queda el trajo "e baño Fendi Me dijo, "Tienes que obedecerme" Corazón frío como diciembre Si quieres, bye (bye) O si cambias de opinión, le caes (caes) Se calienta y le cambia la cara Va pa" mi cama otro fin de semana má" (má") Si quieres, bye (bye) Pero si cambias de opinión, le caes (caes) Estuvimo" un me" en Punta Cana Y unas cuanta" semana" por Samaná Solo tú (solo tú, bebé) Solo tú puedes controlar esta inquietud (inquietud) Con tu actitud (tu actitud) Y pa" mí que me hizo un voodoo Te veo hasta en las nubes Del cielo azul (del cielo azul, bebé) Yo te necesito, por eso es que te lo suplico Me haces falta, no lo niego Solo me dijo, "Hasta luego" Juré que no caería en su juego Y ahora quiero comenzar de nuevo Pa" mí que me hizo un voodoo Yo siento que esto e" un déja vu ¿Dónde tú estás, mami? Dame luz Va pa" la avenue, uh, uh En la G-Wagon baby blue, uh, uh Solo tú (solo tú, bebé) Solo tú puedes controlar esta inquietud (inquietud) Con tu actitud (tu actitud) Y pa" mí que me hizo un voodoo Te veo hasta en las nubes Del cielo azul (del cielo azul, bebé) Yo te necesito, por eso es que te lo suplico',9);
INSERT INTO CANCIONES VALUES(52,'MI DROGA','2:43','Urbano latino','Sí, sí (ey) Si es por ti no lo pienso, mami Y me tiro la maroma Nos enredamos en las sábana" Y ella siempre deja su aroma No le encuentro defectos Yo no sé si es mi droga Disfrutémonos el momento Porque en realidad no estoy pa" boda" Ey, yo" Ella dice que no se casa con nadie Soy capricornio, ella yo creo que e" arie" Sabe que yo me presto pa" las barbarie" Y haciéndolo como yo, baby, tú dime si hay alguien ¿Quién como yo?, ¿Quién como yo? La amiga dijo, "Ni que tan bien" y dije "okey, cómo no" Y eso le incomodó, yo prendo otro blunt Hasta los opuesto" están diciendo que le meto cabrón No hay duda de que tú estás dura Yo le gané con todo Y que en el perfil tenía la cerradura Y si no estoy pa" ella, se atribula Tú sabe" que yo "toy pa" hasta abajo Baby, no estoy pa" ataduras Si es por ti no lo pienso, mami Y me tiro la maroma Nos enredamos en las sábana" Y ella siempre deja su aroma No le encuentro defectos Yo no sé si es mi droga Disfrutémonos el momento Porque en realidad no estoy pa" boda" Siempre se tira las maroma" como acróbata Sube las fotos con los location" cuando no va a estar Mami, ella" no salen de su casa por no gastar Y tú anda" con billete" azule" como lo" Avatar Hoy la liga va a matar Quiere que yo vaya y se lo haga en su ciudad natal Eso es mío, dame acá Dice que a la hora "e la verdad no se va a echar pa"trá" Se crió perreando desde los tiempo" de "Rakatá" Creo que es mi droga porque de ella yo me envicié ¿Qué es lo que somo" o qué seremo"? Yo ni sé Toa" las babie" en fila, parece un buffet No lo pensó, pa" comerno" conmigo se fue No estoy pa" boda" Pero por ti me tiro la soga Ella no con to" el mundo dialoga Mis tema" romantic todo" son for you, my lova "El que come calla"o, come dos vece"", ese e" el eslogan Si es por ti no lo pienso, mami Y me tiro la maroma Nos enredamos en las sábana" Y ella siempre deja su aroma No le encuentro defectos Yo no sé si es mi droga Disfrutémonos el momento Porque en realidad no estoy pa" boda" Yo "toy pa" hasta abajo, no estoy pa" ataduras No estoy pa" ataduras Yo "toy pa" hasta abajo, no estoy pa" ataduras Porque en realidad no estoy pa" boda"',9);
INSERT INTO CANCIONES VALUES(53,'MÁS ALLÁ','3:53','Urbano latino','Yeah Tu mirada y la mía cruzaron la raya Hicieron que nos fueramo" más allá, ey Yo esperaba ese día Cuando hay interé" y están las gana" Eso e" imposible fallar, ey Tu mirada y la mía cruzaron la raya Hicieron que nos fueramo" más allá, ey Yo esperaba ese día Cuando hay interé" y están las gana" Eso e" imposible fallar No te paro de soñar No sé si fue mi cama o si fue allá, ey Lo que sé es que lo que te quiero hacer No lo tengo ni que ensayar Yo no paro de sonar Me pone si se fuma uno personal, ey Y ya tú sabe" cómo soy No te tengo que impresionar, nah Tu mirada y la mía cruzaron la raya Hicieron que nos fueramo" más allá, ey Yo esperaba ese día Cuando hay interé" y están las gana" Eso e" imposible fallar No te paro de soñar No sé si fue mi cama o si fue allá, ey Lo que sé es que lo que te quiero hacer No lo tengo ni que ensayar Yo no paro de sonar Me pone si se fuma uno personal, ey Y ya tú sabe" cómo soy No te tengo que impresionar Ella me mira con lujuria Por eso e" que yo se lo hago con furia Si no te tengo e" una tortura Tapa los hickies con la cuello tortuga Y que se entere el mundo entero De que somo" má" que amigo" Cuando te veo en las foto" conmigo Yo mismo me envidio Ahora tú ere" mi delirio Quiero salir de este martirio No te escribo por si te fastidio Si te veo pierdo los estribo" Y pa" mi casa la invité Me dijeron que tú vive" al límite To"a las otra" te quieren imitar Pero a compararse tú dime quién Empezó el weekend, ja ¿Adivina qué? Estamo" solo" por fin Vvs, ella" están usando Gold Field Ninguna sabe cómo contigo fui Puede que no te recuerde, pero yo sí A tu lado sin ropa amanecí Hay que mantener todo bajo perfil Hay cosa" que por aquí no puedo decir, sí Tu mirada y la mía cruzaron la raya Hicieron que nos fueramo" más allá, ey Yo esperaba ese día Cuando hay interé" y están las gana" Eso e" imposible fallar, ey Tu mirada y la mía cruzaron la raya Hicieron que nos fueramo" más allá, ey Yo esperaba ese día Cuando hay interé" y están las gana" Eso e" imposible fallar No sabe" to"a las cosa" que te haría Tú te ve" bien hasta con mascarilla, ey Te vi en una foto con otro Y tiré el celu por la alcantarilla Y ir al gimnasio e" una pesadilla Yo te imagino haciendo sentadilla", ey Tú dime qué día está" libre Por mí yo te veo los siete día", ah, ah, yeah Tu mirada y la mía cruzaron la raya Hicieron que nos fueramo" más allá, ey Yo esperaba ese día Cuando hay interé" y están las gana" Eso e" imposible fallar, nah',9);
INSERT INTO CANCIONES VALUES(54,'ULALA','3:08','Urbano latino','Siempre tengo en mente que todo acaba Yo no me cansé de esperarte Desde que le hablé y la miré a la cara Supe que no sería fácil superarte Ulala No sé cuánto durará Yo sé que nadie como tú lo hará Se luce si la veo bailar Y yo me la disfruto Ulala No sé cuánto durará Yo sé que nadie como tú lo hará Ella se luce si la veo bailar Puede ser pasajero, vive en el extranjero Disfruto el momento, estoy viviendo ligero Y haciendo dinero Pero no tiene precio como ella lo hace Te juro que no exagero Sigue ahí, chica, please, moviéndote así Rozando su piel, pidiendo refill Si la ven conmigo van a maldecir Pa" todo me dice que sí Yo la tengo en vigilia Baila y las demás la envidian Se perfuma con el Kilian Cualquiera se reconcilia Mami rica, ulala No sé cuánto durará Yo sé que nadie como tú lo hará Se luce si la veo bailar Y yo me la disfruto Ulala No sé cuánto durará Yo sé que nadie como tú lo hará Se luce si la veo bailar Vamo" a darle con to", estamo" fuera "e control Las ganas que nos tenemos no se esconden Llegó el tiempo "e lo" do" y antes que salga el sol Te voy a dar como te corresponde Esto es entre nosotros, no podemo" hablarlo jamás Esta vida es lo que nos pasa a nosotros na" ma" Pa" que goce" y si te pregunta, mamá Yo no te conozco y tú no me conoce" Mira qué raro nos miran, baby Son un problema, que griten may-day Por más que hable ba-ba La tenemo" clara No le hagamos" caso a lo" hater" No hay seguro compulsorio que aguante este choque Tenemos que aprovecharlo aunque me desenfoque Roce, toque, alofoke Así vas a gritar cuando te toque Ulala No sé cuánto durará Yo sé que nadie como tú lo hará Se luce si la veo bailar Y yo me la disfruto Ulala No sé cuánto durará Yo sé que nadie como tú lo hará Se luce si la veo bailar Yo la tengo en vigilia Baila y las demás la envidian Se perfuma con el Kilian Cualquiera se reconcilia Yo la tengo en vigilia Baila y las demás la envidian Se perfuma con el Kilian Cualquiera se reconcilia Full Power Myke Towers, baby Daddy Yankee y Myke Towers Play-n-skillz Play-n-skillz Ulala Legendaddy Ulala',9);
INSERT INTO CANCIONES VALUES(55,'NO SALGO','2:32','Urbano latino, Argentinian Trap','Ey Uoh, uoh, uh-yeah Ey, mami, yo casi no salgo Pero por ti más nunca viro (Por ti más nunca viro) Tenemo" tanta confianza que cada vez que lo hacemo" Siempre nos vamo" a güiro (Nos vamo" a güiro) Mami, yo casi no salgo, uoh Pero por ti más nunca viro (Por ti más nunca viro) Tenemo" tanta confianza que cada vez que lo hacemo" Siempre nos vamo" a güiro, uoh Yo estaba fumando krippy Ella estaba bebiendo vino Voy a la segura Yo nunca adivino Desde la primera Dijo que lo hago divino Despué" que me comas Si quieres sigue tu camino Y yo casi no salgo, uoh Pero por ti más nunca viro (Por ti más nunca viro) Tenemo" tanta confianza que cada vez que lo hacemo" Siempre nos vamo" a güiro, uoh, uoh Tengo confianza contigo Y mira que yo no confío Tengo el corazón frío Y yo que tú no desafío Mi abuelita me bendijo Y me brindó un crucifijo Me pidió má" precaución En la" mujeres que me fijo Sin ti yo no sé que seré Yo siento que enloqueceré ¿Y sexo o amor? Déjame saber Pa"l tiempo no perder Ya me aburre dormir solo Cierro los ojo" y me llega tu imagen Necesito un despojo Yo te haría de todo Pero a tu antojo Puede haber má", pero e" a ti la que escojo Me aburre dormir solo Cierro los ojo" y me llega tu imagen Necesito un despojo Yo te haría de todo Pero a tu antojo Puede haber má", pero e" a ti la que escojo Mami, yo casi no salgo, uoh Pero por ti más nunca viro (Por ti más nunca viro) Tenemo" tanta confianza que cada vez que lo hacemo" Siempre nos vamo" a güiro (Nos vamo" a güiro) Mami, yo casi no salgo, uoh Pero por ti más nunca viro (Por ti más nunca viro) Tenemo" tanta confianza que cada vez que lo hacemo" Siempre nos vamo" a güiro, uoh Yo estaba fumando krippy Ella estaba bebiendo vino Voy a la segura Yo nunca adivino Desde la primera Dijo que lo hago divino Despué" que me comas Si quieres sigue tu camino, jaja',9);
--ALBUM_10--
INSERT INTO CANCIONES VALUES(56,'BESO','3:14','Urbano latino, Pop','Cumpliré mi promesa La que te dije aquel día La noche despeja", no llovía" Tus ojo" robaron el agua del mar Aunque sea un tramo largo Con tu sonrisa recargo La fuerza, las pena" A tu la"o no me quedan Tu corriente todo se lo lleva Si es libre la caída Da igual cómo empiece Es cómo termina Es que tú tan loquita como yo Pesa más el corazón que la razón Una promesa Nunca es pa" mirar atrás Si preguntaras Yo te lo volvería a jurar Como una perla Que volvió al fondo del mar Si te perdiera Sé que te volvería a encontrar Quiero comer cerezas contigo Y subir todas las montañas Tirarnos desnudo" en el agua Y luego dormir en la playa Y secarte el cabello Y comerte la cara Y aunque pase el tiempo No olvidarme de nada Si es libre la caída Da igual cómo empiece Es cómo termina Es que tú tan loquita como yo Pesa más el corazón que la razón Una promesa Nunca es pa" mirar atrás Si preguntaras (si preguntaras) Yo te lo volvería a jurar Como una perla (como una perla) Que volvió al fondo del mar Si te perdiera (si te perdiera") Sé que te volvería a encontrar (mmm) Sé que te volvería a encontrar Mmm, mmm, mmm Sé que te volvería a encontrar Yo quiero saber de qué se trata el mundo Quiero hacerte una silla con mis mano" Quiero vestirme mal y desvestirme mucho Pasear por la playa con caballo" Quiero cantar y hacerte un dibujo Quiero tener plata, no tener na" de nada Vertir cien botella" y reirno" mucho" Y hacerlo contigo yo haga lo que haga',10);
INSERT INTO CANCIONES VALUES(57,'VAMPIROS','2:56','Urbano latino, Pop','Mi pistola No tiene seguro, se dispara sola Es de Barcelona, pero está en Carola Ella no es seguidora, ella es la ola Mi pistola No tiene seguro, se dispara sola Es de Barcelona, pero está en Carola Ella no es seguidora, ella es la ola Nosotro" tenemo" la calle prendi"a Salimo" de noche, llegamo" de día Mi nena cerca de mí, mi nene cerca de mí En verda" nunca importó lo que nadie decía Tú sabe" que esta noche nos fuimo" algarete, eh Tú ere" el más que le mete Tú sabe" que esta noche nos fuimo" algarete, ey Tú ere" la más que le mete ¿Dónde la noche "tá pesa"? Baby, sígueme, vámono" pa" allá ¿Dónde es que la noche "tá pesá"? A mí gata le gustó y ahora está juqueá" Baja la ventana pa" que el humo salga Los espíritus me los espantan To" los fin de semana la luna me escolta De la oscurida" y de la maldad Nosotro" tenemo" la calle prendía" Salimo" de noche, llegamo" de día Mi nena cerca de mí, mi nene cerca de mí En verda" nunca importó lo que nadie decía La que pica, spicy, wasabi Yo soy natural, wabi-sabi Ella es como Don, yo soy Daddy Este junte paga to"a la Ferrari Como tú y yo no hay iguale" Colmillo" afilao" de metale" Vampiros sonando ahora pa" siempre, somo" inmortale" Y tú sabe" que esta noche nos fuimo" algarete, eh Tú ere" el más que le mete Tú sabe" que esta noche nos fuimo" algarete Tú ere" la más que le mete ¿Dónde la noche "tá pesá"? Ey, yo con mi gato voy pa" allá ¿Donde la noche "tá pesá"? Guayando con mi gato ya estoy envicia" La vida nos vuelve Se dice que hay que romper Que el tiempo no hay que perder No soy el primer hombre Que intenta y no lo cumple Si el ego no lo usas Harás que Dios se luzca Si del amor abusas Y es que él mismo te asusta',10);
INSERT INTO CANCIONES VALUES(58,'PROMESA','3:16','Urbano latino, Pop','Cumpliré mi promesa La que te dije aquel día La noche despeja", no llovía" Tus ojo" robaron el agua del mar Aunque sea un tramo largo Con tu sonrisa recargo La fuerza, las pena" A tu la"o no me quedan Tu corriente todo se lo lleva Si es libre la caída Da igual cómo empiece Es cómo termina Es que tú tan loquita como yo Pesa más el corazón que la razón Una promesa Nunca es pa" mirar atrás Si preguntaras Yo te lo volvería a jurar Como una perla Que volvió al fondo del mar Si te perdiera Sé que te volvería a encontrar Quiero comer cerezas contigo Y subir todas las montañas Tirarnos desnudo" en el agua Y luego dormir en la playa Y secarte el cabello Y comerte la cara Y aunque pase el tiempo No olvidarme de nada Si es libre la caída Da igual cómo empiece Es cómo termina Es que tú tan loquita como yo Pesa más el corazón que la razón Una promesa Nunca es pa" mirar atrás Si preguntaras (si preguntaras) Yo te lo volvería a jurar Como una perla (como una perla) Que volvió al fondo del mar Si te perdiera (si te perdiera") Sé que te volvería a encontrar (mmm) Sé que te volvería a encontrar Mmm, mmm, mmm Sé que te volvería a encontrar Yo quiero saber de qué se trata el mundo Quiero hacerte una silla con mis mano" Quiero vestirme mal y desvestirme mucho Pasear por la playa con caballo" Quiero cantar y hacerte un dibujo Quiero tener plata, no tener na" de nada Vertir cien botella" y reirno" mucho" Y hacerlo contigo yo haga lo que haga',10);
--ALBUM_11--
INSERT INTO CANCIONES VALUES(59,'SAOKO','2:17','Urbano latino','Chica, ¿qué dices? Saoko, papi, saoko Saoko, papi, saoko Chica, ¿qué dices? Saoko, papi, saoko Saoko, papi, saoko Saoko, papi, saoko Cuando pone" perla" en el collar de Vivienne E" diferente, ya no son perla", uh, no Cuando los cubito" de hielo ya no es agua Ahora es hielo, se congela, uh, no Cuando es de noche en el cielo Y se vuelve de día, ya to" eso cambió Cuando el caballo entra a Troya Tú te confías y ardió (uh, no), uh, no Eh, yo soy muy mía, yo me transformo Una mariposa, yo me transformo Makeup de drag queen, yo me transformo Lluvia de estrellas, yo me transformo Pasá" de vuelta", yo m? transformo Como Sex Siren, yo me transformo Me contradigo, yo me transformo Soy to"a" las cosa", yo me transformo Frank me dice que abra el mundo como una nue" Si me muero, que me muera por la boca como muere el pe" Sé quién soy, y a donde voy ya nunca se me olvida (uh, uh, uh) Yo manejo, Dios me guía El logo de LEGO, bebé (pu-pu-pu-pu) Kim K cuando está blonde, bebé (pu-pu-pu-pu) Un tee white con tie-dye, bebé (pu-pu-pu-pu) La calle en Navidad, bebé Como un pavo real, bebé (pu-pu-pu-pu) La cerilla al quemar, bebé (pu-pu-pu-pu) Tu cara, tu mirá", bebé (pu-pu-pu-pu) Si te vuelvo a besar, bebé Mira, ja, a ver si sirven de algo, ja, ja, ja Los caramelo" de la voz, a ver Si ere" la pámpara, nada te pue" parar, uh Si ere" la pámpara, nada te pue" parar, y ya Fuck el estilo Fuck el estilo Fuck el stylist Fuck el estilo Tela y tijera, y ya Cógela y córtala, y ya Cógela y córtala, y ya Cógela y córtala, y ya Cógela y córtala, y ya Cógela y córtala Cógela y córtala Cógela y córtala',11);
INSERT INTO CANCIONES VALUES(60,'CANDY','3:13','Reguetón, RyB contemporáneo, Nuevo flamenco','Vestida con F de Fendi Bailando Plan B, la de Candy Así tú te prendaste de mí El día en que yo te conocí Sé que tú No me has olvidao" No me has olvidao" No me has olvidao" Solo tú No me has olvidao" No me has olvidao" No me has olvidao" Ya no te quiero como antes Me rompiste, pero solo en parte Llevaba tu esclava para pensarte Pero de olvidarte yo ya hice un arte Más na", na-na-na-na-na No queda na-na-na-na-na Entre tú y yo ya-ya-ya-ya Ya no me acuerdo de tu cara La forma de tu cuerpo ni aunque la pensara Hay demasiao" que nos separa La vida es bonita, pero es traicionera Vestía con F de Fendi (Fendi, Fendi, Fendi) Bailando Plan B, la de Candy (Candy, Candy, Candy) Así tú te prendaste de mí (eh, eh) El día que yo te conocí Pero tú No me has olvidao" No me has olvidao" No me has olvidao" Solo tú No me has olvidao" No me has olvidao" No me has olvidao" Na-na-na-na-na No queda na-na-na-na-na Entre tú y yo ya-ya-ya-ya Na-na-na-na-na No queda na-na-na-na-na Entre tú y yo ya-ya-ya-ya Vestía con F de Fendi (Fendi, Fendi, Fendi) Bailando Plan B, la de Candy (Candy, Candy, Candy) Así tú te prendaste de mí (eh, eh) El día que yo te conocí (sí, sí) Vestía con F de Fendi (Fendi, Fendi, Fendi) Bailando Plan B, la de Candy (Candy, Candy, Candy) Así tú te prendaste de mí (eh, eh) El día que yo te conocí (sí, sí, sí) Pero tú No me has olvidao" No me has olvidao" No me has olvidao" Solo tú No me has olvidao" No me has olvidao" No me has olvidao"',11);
INSERT INTO CANCIONES VALUES(61,'LA FAMA','3:08','Urbano latino','Lo que pasó A ti te lo cuento No creas que no dolió O que me lo invento Así es que se dio Yo tenía mi bebé Era algo bien especial Pero me obsesioné Con algo que a él le hacía mal Miles de cancione" en mi mente Y él me lo notaba Y él tanta" vece" que me lo decía Y yo como si nada Es mala amante la fama y no va a quererte de verdad Es demasia"o traicionera, y como ella viene, se te va Sabe que será celosa, yo nunca le confiaré Si quiere" duerme con ella, pero nunca la vayas a casar Lo que pasó Me ha dejado en vela Ya no puedo ni pensar La sangre le hierve Siempre quiere más Puñala"itas da su ambición En el pecho, afilada Es lo peor Es mala amante la fama y no va a quererme de verdad Es demasia"o traicionera y como ella viene, se me va Yo sé que será celosa, yo nunca le confiaré Si quiero duermo con ella, pero nunca me la voy a casar No hay manera De que esta obsesión se me fuera Se me fuera, ya desaparezca Yo aún no he aprendi"o la manera No hay manera que desaparezca Es mala amante la fama y no va a quererte de verdad Es demasia"o traicionera y como ella viene, se te va Yo sé que será celosa, yo nunca le confiaré Si quiero duermo con ella, pero nunca me la voy a casar',11);
INSERT INTO CANCIONES VALUES(62,'BULERÍAS','2:35','Pop','Yo no tuve que hacer naíta que yo no quisiera Y aunque ahora nadie lo ve (dale) Yo no tuve que hacer nada que me arrepienta ni de que yo lamente ahora Para mantenerme en pie, yo me maté 24-7 Eso e"lo que tuve que hacer (ole) Soy igual de cantaora (dale, dale) Igual de cantaora con un chándal de Versace que vestíita de bailaora Con un chándal de Versace que vestiíta de bailaora Y aunque a mí me maldigan a mis espalda" De cada puñalaíta saco mi rabia Y aunque no tenga dinero, no tenga a nadie Yo voy a seguir cantando, porque me nace Yo soy la niña de fuego Como canta Caracol, como canta Caracol Ay, esa que tú me hiciste Y una sí, pero dos no Y una sí, pero dos no Yo soy muy mía Que Dios bendiga a Pastor y Mercè A la Lil" Kim, a Tego y a M.I.A A mi familia y a la libertad Quítate, quítate, quítate tú de en medio Que tú sabes que yo te canto siete por medio Quítate, quítate, quítate tú de en medio (quite) Que tú sabes que yo te canto siete por medio Ay, que tú sabes que yo te canto siete por medio Ay, que tú sabes que yo te canto siete por medio (¡Ole!)',11);
INSERT INTO CANCIONES VALUES(63,'CHICKEN TERIYAKI','2:02','Urbano latino','La Rosalía (uh) Rosa" sin tarjeta Se las mando a tu gata Te la tengo con Roleta No hizo falta serenata Salgo y suena balacera (ey) Me visto de cualquier manera En Nueva York visitando a mi joyero Solo quiere cash, yo le doy mi dinero Pa" ti naki, chicken teriyaki Tu gata quiere maki, mi gata en Kawasaki Quiero una cadena que me arruine to"a la cuenta Como Naomi en los 90 Rosa" sin tarjeta Se las mando a tu gata (ey) Te la tengo con Roleta (ey) No hizo falta serenata Pa" ti naki, chicken teriyaki Pa" ti naki, chicken teriyaki Pa" ti naki, chicken teriyaki Tu gata quiere maki (mi gata en Kawasaki) Quiero una cadena que me arruine to"a la cuenta Como Julio en los 70 (pa" ti naki, chicken teriyaki) Un billete, dos billete", una tienda de billete" La más dura que le mete En Nueva York patinando pa" lo" Heights Toa" mis domi" saben la que hay, ¡eh! Y sí, la fama e" una condena Pero dime otra que te pague la cena Me están tirando sombras como drag queen Chula como Mike Dean Rosa" sin tarjeta Se las mando a tu gata (ey, ey) Te la tengo con Roleta No hizo falta serenata De azúcar la mami, todo sin recibo Leo pentagrama", pero no lo" escribo Desde Queens hasta Tribeca Un ramo de flore" azule" no se seca Pa" ti naki, chicken teriyaki Pa" ti naki, chicken teriyaki Pa" ti naki, chicken teriyaki Tu gata quiere maki, mi gata en Kawasaki',11);
--ALBUM_12--
INSERT INTO CANCIONES VALUES(64,'HOOP HOOP','2:37','Hip-hop/Rap','Entre el bien y el mal Desde Argentina, Buenos Aires, la República Popular de La Boca Desde Catalina Sur al barrio chino Marcando el camino, construyendo el destino En un barrio fino, pero ladino, dulce pero asesino De artistas y malandrinos nació un Trueno Entre flores y lluvia de veneno Tantos hater" te atacaban por ser nuevo Entre batallas de freestyle encontraste tu terreno Transformando algo malo en algo bueno Blanco, negro, gano, pierdo Caigo, vuelvo, mato, muero Tantas horas dedicadas desde cero El barrio necesitaba tu voz como vocero Así que es hora de enseñarle" lo que en el barrio aprendemo" Desde el amor de tu madre hasta la historia de tu abuelo Exportando al mundo el sonido del riachuelo Levantate de esa esquina y muéstrales cómo lo hacemo" (eh, ey) (¡Olé, olé-olé-olé!) uh Grr-pa-pa-pa-pa (¡Trueno, Trueno!) Segundo disco y vuelvo pa mandar la escena al garete Lo que vo" no hacés con 3" yo lo hice a los 17 Who"s back? Tenemo" el control, no el machete To" tus traperito" suenan de juguete Guacho, corta, dame el beat, que le" enseño cómo e" Parezco del Bronx, pero soy del bajo de la LB (de la LB) Hice un disco rascándome los huevo" y me pegué Y si decís que el rap estaba muerto, lo resucité A la mierda tu empresa, tu papel, tu juzgado Yo estoy fuera de la escena, es un crimen organizado, ja, ja Ya no hay tiempo pa mira" al pasado Los yankee" me piden tiempo porque vienen atrasado", niño Y si se escucha (hoop, hoop), tate ready Yo siempre con mis ñeri" por si se pone heavy Las cuatro comunas a los cuatro viento" Algunos se comen la peli sin leer el cuento Y si se escucha (hoop, hoop), tate ready Yo siempre con mis ñeri" por si se pone heavy Las cuatro comunas a los cuatro viento" Alguno" se comen la peli sin leer el, ah ¡Olé, olé-olé-olé! ¡Trueno, Trueno!',12);
INSERT INTO CANCIONES VALUES(65,'FUCK EL POLICE','2:37','Hip-hop/Rap','That shit, bro Comuna 4, pai Fuck el police del país, it"s coming Viene para acá, quiere weed, quiere money A mí no me toque" a la clicka, a lo" homie" Runnin", baby, I"m runnin" (plo, plo) Fuck the police del país, it"s coming Viene para acá, quiere weed, quiere money A mí no me toque" a la clicka, a lo" homie" Runnin", baby, I"m runnin" Sigo siendo el mismo wacho, pero ahora en la fucking vaina Ahora los zombies bailan, tira la poli rabia Se muere por un poco de violencia innecesaria Te faltan derechos que me lo" aprendí en primaria Uh, TR1 en el área Arriba"el escenario me parezco un Súper Saiyan Las luces azule", el uniforme con los Ray-Ban Son quien me persiguen donde va-, donde vaya Si Trueno dice: "hip", todo el barrio dice: "hop" Dice: "hip", dice: "hop", dice: "hip", dice: "hop" Fuck the police, se cagan los Robocops No apagan el monoblock, su cara de "what the fuck?", papi Fuck the police del país, it"s coming Viene para acá, quiere weed, quiere money A mí no me toque" a la clicka, a lo" homie" Runnin", baby, I"m runnin" Fuck the police del país, it"s coming Fuck, fuck, fu-, fuck Fuck the police, fu-, fuck the police A mí no me toque" a la clicka, a lo" homie" Nos dicen "cabeza negra", todos saben quién somos No nos paran ni con agua, ni con fuego, ni con plomo ¡Oh, shit!, oh (oficial, necesito tres patrulleros, hay fiesta en La Boca) A las once hacemos fiesta y a las doce sale el lobo Pero no nos va a parar porque somos más que ellos No nos van a agarrar porque somos más que ellos Ah, esta es la puta canción del pueblo No nos callan ni poniéndonos la rodilla en el cuello Hip-hop pa que tenga y pa que guarde Se rascan el bigote, pero es demasiado tarde Videla y Massera ya lo pagaron con sangre 911 veces, me cago en su yuta madre Fuck the police del país, it"s coming Viene para acá, quiere weed, quiere money A mí no me toque" a la clicka, a lo" homie" Runnin", baby, I"m runnin" (¡oh!) Fuck the police del país, it"s coming Viene para acá, quiere weed, quiere money A mí no me toque" a la clicka, a lo" hommie" Runnin", baby, I"m runnin"',12);
INSERT INTO CANCIONES VALUES(66,'ARGENTINA','2:53','Urbano latino, Argentinian Trap','La fuerza de Argentina ta caminando a mi lado Baby, no estoy solo Los golpes de la vida ya me tienen preparado (solo, so, so) Ready para todo (ready para todo) Los wachos de la esquina son soldados caminando por arena y lodo Circula adrenalina por un pueblo destrozado con los sueños de oro Put your hands up, rapper, put your hands up ATR-vido wacho la hago, ni la pienso Somos los culpables de que tiemble el universo Put your hands up, pai, put your hand (put your hand) Put your hands up, rapper, put your hands up ATR-vido wacho, la hago, ni la pienso Los culpables de que tiemble el universo Pai, put your hands up, pai, put your hands up De Saavedra a Corrientes, toda mi memoria de frente Quiero que me choque toda esa gente "Piano Bar" en los auriculares Ya son años laburando en el extranjero A donde voy digo que te quiero Desde que me fui me ha pasado tanto Y te aseguro que (me llaman abandona"o) La fuerza de Argentina "tá caminando a mi lado Baby, no estoy solo Los golpes de la vida ya me tienen preparado Ready para todo (solo si) (ready para todo) Los wachos de la esquina son soldados caminando por arena y lodo Circula adrenalina por un pueblo destrozado con los sueños de oro Buenos Aires, Buenos Aires Sigo imaginándome qué es lo que pasará por allá afuera Cómo extraño la rutina de tener que acostumbrarme Al ruido en la vereda Caminé por Santa Fe y era como un espejismo de algo que quisiera Cuando puedo me imagino que tengo alas y me escapo para la ciudad Del quilombo A la sangre de la tierra no la compran con quilates Nuestros perros tienen hambre y están ready pa"l combate, huh (solo si, solo si, solo si) Esto es rap, es hip-hop, va de en serio Le damos la vuelta al mundo en tres minuto" y medio Argentina put your hands up Hago que todo los políticos estén tenso" (me llaman abandona"o) La puta voz del barrio no se compra ni con dólares ni pesos Bailo con San La Muerte, San Martín en San Lorenzo La fuerza de Argentina "tá caminando a mi lado Baby, no estoy solo (solo si, solo si, solo si) Los golpes de la vida ya me tienen preparado Ready para todo Los wachos de la esquina son soldados caminando por arena y lodo Circula adrenalina por un pueblo destrozado con los sueños de oro Argentina, si quisiera Olvidarte, no pudiera Mi Argentina querida es la tierra donde nací Sangre de cóndor andino, de puma y de coatí La nave bajan en Córdoba preguntando por mí Jujuy me dio los zapatos pa caminar por ahí Por Catamarca duermo, en Neuquén me levanto y Tengo una Santa Fe porque Luis y Juan me cuidan hace tanto Aunque el rumbo se me deformó sacando lo que canto Mendoza vino conmigo y La Rioja me seca el llanto (solo si) Estoy hablando con Santiago del Estero Santiago Maldonado y los hermanos que se fueron De Tucumán a Chaco y sigo hasta la Patagonia Soy la flora de La Pampa, la bandera, el sol y el cielo Huh (huh, solo si) Solo sé lo que el viento me cuenta, malos climas Buenos Aires, sale el sol en la tormenta Las corrientes entre ríos se conectan Indio que no se salta las misiones, me representa El Río Negro por la tinta de mi imprenta Entre Chubut y Santa Cruz me espera un frío que calienta Bajo a Tierra del Fuego y tengo el fin del mundo cerca Las Islas me cantan tango, siempre fueron y son nuestras',12);
INSERT INTO CANCIONES VALUES(67,'TIERRA ZANTA','3:57','Hip-hop/Rap','Si preguntan quién soy Qué llevo, a dónde voy De tierra santa Soy de donde nací Donde voy a morir Mi tierra santa Ey Yo soy la tierra, la sangre, lo" sueño", las ganas, el hambre La luz en los ojos de mi santa madre Hecho de barro, de rama", de viento y de huella" de carne El sol cae en mis brazo" en la tarde Si preguntan quién soy, soy mi tierra Curtida de gobierno", de estafa", de guerra" Soy el hornero mostrando a la sala La vida, la muerte, la pluma y la" bala" La soledad del rico, el sueño del pobre La" verdade" que el gobierno nos esconde La" huella" perdidas, el cuándo y el dónde Ninguna dictadura va a poder borrar mi nombre Voy al futuro, vengo de tierra santa Latinoamérica no llora, canta Tengo la sonrisa celeste y blanca Si subo la mirada, la luna se levanta Yo voy al futuro, vengo de tierra santa Latinoamérica no llora, canta Tengo una sonrisa celeste y blanca Si subo la mirada, la luna se levanta Mis cicatrice", mi historia, mi fama, mi gloria Mi pena por pana" desaparecidos, memoria Va por los guacho" banale", puñeta", gurises, chavale" Al mundo les tiembla el piso por la euforia Busco la paz en Bolivia, en las calles de Chile Me busco en invierno el aguardiente de Colombia Vengo del barrio del tango y llego al meridiano Para borrar con la mano la línea divisoria Si preguntan quién soy Qué llevo, a dónde voy Soy de tierra santa Soy de donde nací Donde voy a morir Mi tierra santa Si preguntan quién soy (si preguntan quién soy) Qué llevo, a dónde voy (qué llevo, a dónde voy) Soy de tierra santa Soy de donde nací (soy de donde nací) Donde voy a morir (donde me voy a morir) Mi tierra santa Oh-oh-oh, eh-eh Si preguntan quién soy Soy de tierra santa Yo vine al mundo a defender mi tierra Soy el salvador pacífico en la guerra Me voy a morir luchando, toy firme como un venezolano Soy atacama, guaraní, coya, barí y tucáno Si quieren tirarme el país, lo levantamos Los indio" construimo" los imperio" con las mano" ¿Odia" el futuro? Vengo con mis hermano" De diferentes padre", pero no nos separamo" Soy el fuego del Caribe y un guerrero peruano Le doy gracias a Brasil por el aire que respiramo" A veces pierdo, a veces gano Pero no es en vano morirme por la tierra que amo Y si los de afuera preguntan cómo me llamo Mi nombre es "Latino" y mi apellido "Americano" Si preguntan quién soy Qué llevo, a dónde voy Soy de tierra santa Soy de donde nací Donde voy a morir Mi tierra santa Si preguntan quién soy (si preguntan quién soy) Qué llevo, a dónde voy (qué llevo, a dónde voy) Soy de tierra santa Soy de donde nací (soy de donde nací) Donde voy a morir (donde me voy a morir) Mi tierra santa Mis cicatrices, mi historia Mi fama, mi gloria Mi pena por panas desaparecidos Memoria',12);
INSERT INTO CANCIONES VALUES(68,'UN PASO','3:12','Urbano latino','Ey J Balvin, man Trueno, ja Del Barrio La Boca, pai Y aunque ya estoy a un paso, por si acaso Meto la mentira en un vaso Los ñeris siempre tirando un paso Dos má" y me la vivo así Hoy si la gente me pide reggaetón Se lo doy (se lo doy) Mi barrio me hace ser quien soy Da una vuelta en Argentina Y vas a ver que estoy Pai, no voy a perder hoy Esto es pa" bailar como a las 4 A.M. So quieren que me eleve Motherfucka, la Comuna 4 viene Llegamo" al party Estamo" tan atrevido" los nene Que hasta le tomamo" Todo el vino a la Mona Jiméne" Así de fácil, pai, así la paro Yo apunto y disparo, manín, mi sonido es caro Ja, LeBron James, yo la clavo toda" al aro Vengo de un barrio oscuro, por eso lo veo claro, ja (Ey, ey, ey, parcero, dame un espacio ahí) (J Balvin, man) Dime, Trueno Sé que me sigue" desde "Tranquila" Respeto a la nueva escuela Están saliendo un par de killas Soy fan de los que respeto Soy fan de los freestyle killa ¿Qué onda, turro? Welcome to las grandes ligas Pa" esto hay que meterle empeño Mis Jordan yo las diseño Perreo de esos de ghetto Como de Arca y De La Ghetto Ella quiere que le dé el combo completo Yo con mi champaña, Mateo prende el baretto, leggo Si mi gente me pide reggaetón Se lo doy Mi barrio me hace ser quien soy De una vuelta por Colombia Vas a ver que estoy Pai, no voy a perder hoy Y aunque ya estoy a un paso, por si acaso Meto la mentira en un vaso Los ñeris siempre tirando un paso Dos má" y me la vivo así Y aunque ya estoy a un paso, por si acaso Meto la mentira en un vaso Los ñeris siempre tirando un paso Dos má" y me la vivo así (yeah, ja) Y mis guacho" de Argentina ¿Dónde están? (¿Dónde están?) Mis parces de Colombia que me dicen "El pelaíto" está en un plan" "Tamo dominando el mundo En el sur de la capital Me quieren en el Luna Park Como a Martín Karadagian, ja Papi, "tamo activo", pregúntame si jodemo" Aunque no llueva en la calle Siempre está sonando el Trueno, ja, ja Tengo a la capital prendida, a fuego Voy a ser leyenda como Daddy Yankee, Balvin, Tego You know, boy ja) "Tamo con los guacho" y las nea" "Tamo rompiendo Gracias al kick y el snare (leggo) Bendiciones de arriba Paz y amor en la tierra Esto es pa" la gente del barrio Pa" que sueñen y crean (leggo) Si mi gente me pide reggaetón Se lo doy (se lo doy) Mi barrio me hace ser quien soy De una vuelta por Colombia Vas a ver que estoy Pai, no voy a perder hoy Y aunque ya estoy a un paso, por si acaso Meto la mentira en un vaso Los ñeris siempre tirando un paso Dos má" y me la vivo así (yah) Y aunque ya estoy a un paso, por si acaso Meto la mentira en un vaso Los ñeris siempre tirando un paso Dos má" y me la vivo así (yah, je) Latino gang, gang Yah J Balvin, man Trueno, ja Argentina pa" Colombia, pa" to el mundo, yeah, ey Tr1 está en la casa, pai',12);
--ALBUM_13--
INSERT INTO CANCIONES VALUES(69,'PADRE TIEMPO','3:39','Urbano latino, Hip-hop/Rap, Dembow','Yeah Nunca laqueando, siempre tengo mi pistola al la"o, yeah Yo ando con Dios, pero el diablo es medio malintencionado Llego para los hotele" y entro por donde entra el empleado, yeah Seguridad que me manda el presidente en el piso posteado Mis fanático" en el lobby me esperan porque saben que siempre bajo, yeah Me escriben sus cartas, las leo, sonrío, las guardo debajo De mi cama donde están mis esqueleto" pa" que sean iluminado" Yo me he caído, pero ninguna caída me ha derrotado, yeah Padre de tiempo, necesito un favor Que un ratito el tiempo me freeze" Llegué de gira, mami tenía más pelo" grise" Quise ser Mida", pero el oro no te hace feliz, eh-eh-eh, yeah Padre de tiempo, necesito un favor Que un ratito el tiempo me freeze" Llegué de gira, papi tenía más pelo" grise" Quise ser Mida", pero el oro no te hace feliz, eh-eh-eh No me pregunten por ayer, que yo estoy viviendo hoy "Toy perdío" en mi cabeza, yo no sé ni dónde estoy "Toy perdío" en mi cabeza, pero sé pa" dónde voy Pero sé pa" dónde voy, pero sé pa" dónde voy No me quedo si hay energía rara, yo me voy No me la tienen que dar, si yo mismo me la doy No confío, mis glopeta" tienen chips, no Ahoy Ellos saben, por los mío" siempre yo lo doy to" Pa" que se monten ellos, primero me voy yo Con los mismos" con quien estaba en el hoyo Ahora estamos engrasao", Kevin Bey con Goico Tan duro, pichando, ya mismo me voy pro Padre tiempo, vas muy rápido, porfa, baja el tempo Perdona lo malo, "taba buscando alimento No cortamo" esquina", seguimo" el procedimiento Yo me he resbalado, cuánto yo lo siento Es que soy humano, tengo mis defecto" Ellos ven las rede", todos lindo" y contento" No ven to" las frustracione" y aborrecimiento" Woh-oh, párame el reloj Que va muy veloz, bájale como do" Woh-oh, párame el reloj Que va muy veloz, bájale como do" Bájale do" "Toy arriba, cerca de marte", ya ere" ledo El reloj sigue corriendo y va aumentando el miedo Si tú ere" palomo, coro contigo no puedo Si tú ere" real conmigo, quédate, Quevedo Si tú ere" leal conmigo, ya tiene" el cielo Yo hace tiempo escribí la carta de mi despedida Y solo dice que no monte a nadie en mi fuckin" tema Si me muero con los punches, ahí "tamos, son mis estudiante" ajeno" Soy un HP, pero hijo "e puta de los bueno" Nadie más duro que yo en el mundo Respirando meno" que aguante" respiración Flow sin inspiración, flow sin explicación Ven cómo lo hago mirándome con admiración Me cerraron puerta", pero tuve la combinación Me copian los flows, me alegra servirle" de inspiración, yeah La vida es muy corta pa" quejarte Padre tiempo, dime cuánto cuarto" hay que darte ¿Qué tengo que hacer pa" que me des un trato aparte? Porfa, ayúdame, no me hagas rogarte La vida es muy corta pa" quejarte Pare tiempo, dime cuánto" cuarto" hay que darte ¿Qué tengo que hacer pa" que me des un trato aparte? Porfa, ayúdame, no me hagas rogarte',13);
INSERT INTO CANCIONES VALUES(70,'GLADIADOR - REMIX','3:17','Urbano latino','Ya no hay mucho que hablar Tengo que josear, yo no puedo parar Siempre supe que algún día se me iba a dar Yo dormía en el auto con la pieza semiauto Ahora tengo un par de automovile" en mi collar Si no te debo, no me pida" un favor De los guerrero" de Dios soy el gladiador Siempre lo tuve, no lo dude" No estaban cuando solo había nube", ahora cuando sale el Sol You fuck with me, you disappear into the vortex Your blood on me, I"m finna wear it like a cortex Your door bell ring, I"m finna bring it to your doorsteps Man, I"ve been out here pulling strings like a Bowflex How I do anything is how I do everything I"m stuck in the belly of the beast like a belly ring Every time I sell, it ring, like freedom, I let it ring I"m sleeping, I never dream, too much Promethazine Con todo este perico I can orchestrate the kilo, but I don"t wan" face the RICO I"m finna take off from the G4 Take off, rest in paraíso Did this one for my amigo Tengo que josear, yo no puedo parar Siempre supe que algún día se me iba a dar Yo dormía en el auto con la pieza semi auto Ahora tengo un par de automovile" en mi collar Si no te debo, no me pida" un favor De los guerrero" de Dios soy el gladiador Siempre lo tuve, no lo dude" No estaban cuando solo había nube", ahora cuando sale el Sol GRAMMY nominado, aún subestimado Illuminati no, pero por Dios iluminado Sin privacidad, pero volamo" en privado Ante" nunca me invitaban para nada, ahora tengo hasta lista de invitado" Yo he gritado a los cielo" pidiendo perdón por todo" mis pecado" Sí, a vece" pierdo las batalla" contra mis demonio" Y nuevamente yo vuelvo y los hago Estudiante" de la vida, to" los día" aprendemo" algo Me siento un maestro por to" esto que yo cargo Estoy buscando paz mental Extraño esos día" de niño cuando solamente tenía que buscar a Waldo Casi ya ni salgo Tengo mucho" envidioso", mejor yo me guardo No es que tenga miedo, pero yo he aprendido Que todo lo que me dicen toa" esta" voce" en mi cabeza es mejor hasta ignorarlo Y ya no hay que hablar Tengo que josear, yo no puedo parar Siempre supe que algún día se me iba a dar Yo dormía en el auto con la pieza semi auto Ahora tengo un par de automovile" en mi collar Si no te debo, no me pida" un favor De los guerrero" de Dios soy el gladiador Siempre lo tuve, no lo dude" No estaban cuando solo había nube", ahora cuando sale el Sol Everything Foreign, haha',13);
INSERT INTO CANCIONES VALUES(71,'EL HOKAGE','2:05','Urbano latino','Desde chamaquito soñé con to" esto Nunca me quité con mis cojone" puesto" Ganándome lo sucio y honesto Pero puesto, siempre puesto Yeah, dos mil en mahone" Amiri CH, cabrón, ¿tú te crees que esto es sumi? Yo cargo la H en mi espalda como una mochila en la uni De camino para LA con cuatro millo, una maleta tumi, ey Skrrt, skrrt en el Ashton y no soy Mila Kunis El octavo Hokage, no sé por qué roncan sabiendo que solo son chunis Yo salgo de noche, me dicen el Batman, soy Eladio Clooney No me creían y se hacen los loco" cada ve" que me ven en movie, ey El Conejo tiene la pistola esta ve" y no el de "Yonaguni" Soy top tres, pero sabe muy bien que no soy ni el tres ni el do" Me quieren frenar, pero Ela acelera, acelera, Angel Doze Si te veo con los opps, tú ere" opp también, no me digas "mi bro" Y si te veo con los cops, tú ere" opp también, free a to" mis bro, ey Nueva York con Mbappé y Hakimi comiendo sashimi en Nobu Yo, yo estaba en Caguas vendiendo zapato" "e mujeres en Novus Por eso pa" mí el dinero es precioso como la sortija de Gollum No me hable" de bochinche" pa" soltar la G de Molu Y yo no confío, yo no tengo mucho pana" Yo lo que tengo son dos Glock twin, habitación, dos cama" Si la poli pregunta, yo solamente sé nada No me falte" el respeto, que tú no quiere" ese drama Y yo no confío, yo no tengo mucho pana" Yo lo que tengo son dos Glock twin, habitación, dos cama" Si la poli pregunta, yo solamente sé nada Y si no lo pillamo" hoy, lo cogemo" mañana, yeah',13);
INSERT INTO CANCIONES VALUES(72,'MBAPPÉ - REMIX','3:57','Urbano latino, Hip-hop/Rap','I fuck that bitch with all my diamond chains on, yeah-yeah-yeah Pluto I play with the punani with my rings on She came on, yeah Four Rollies and two APs That"s how you know my bitch is dyin", dyin", dyin", yeah Young bad bitch I just spoil her "cause she mine, mine, mine She fuckin" on a lit nigga Fuckin" a rich nigga, yeah Cuatro Rollie, dos AP Young rich nigga como Mbappé Young rich nigga, mírame el Patek Young rich nigga buscándome un check Carro es foreign y no es Teck No soy de Medallo, pero estoy blessed Glock 42 y no es de Sech G el SUV y ?l jet Cuatro Rollie, dos AP Young rich nigga como Mbappé Young rich nigga, mírame ?l Patek Young rich nigga buscándome un check Carro es foreign y no es Teck No soy de Medallo, pero estoy blessed Glock 42 y no es de Sech G el SUV y el jet Vola"o en el G5 Esto es Louis V, no Levi"s Duro en España como Ibai Tumbando titane" como capitán Levi Yo tengo esa grasa, ribeye No los veo, Denzel, Libro de Eli Younger Winchester, DY No confío en nadie, solo en mi mai Yeah, tengo a Biden en la muñeca, esta roleta es presidencial Ven a mi madre en la calle, le dicen: Sol María, wow, ese niño es especial Ella se pasma a vece", pero sabe que solamente le hablan la real En Casa de Campo jugando par de hoyo" con Mateo, estoy tirando pa" par Está cabrón cómo Dios me cuida cuando lo que hago es pecar Pero Él conoce mi corazón, estamo" claro cristal Hablan de mí y no saben de mí, no me va a afectar Si llevan como tres año" diciendo que van a apretar Cuatro Rollie, dos AP Young rich nigga como Mbappé Young rich nigga, mírame el Patek (mírame, mírame) Young rich nigga buscándome un check Carro es foreign y no es Teck No soy de Medallo, pero estoy blessed Glock 42 y no es de Sech G el SUV y el jet Cuatro Rollie, dos AP Young rich nigga como Mbappé (young rich, young rich) Young rich nigga, mírame el Patek Young rich nigga buscándome un check Carro es foreign y no es Teck No soy de Medallo, pero estoy blessed Glock 42 y no es de Sech G el SUV y el jet White on white, I don"t need a Ghost Rider Rolls-Royce snow white Cap on the Patek, on God for the Rollie, young rich nigga Pretty the one I adore Hundreds of thousands or more, I"m spendin" galore Coppin" new diamonds for sure Spending new money for sure 680 Maybach for sure Do what I say, that"s for sure Took margaritas and played by the shore For the one I adore, ain"t takin" shorts Proud of me, Glock on me, ready for war Poppin" outside with my goons at the door Try not to slide, but these niggas some whores Try to be modest, don"t hide every summer I gave you turtle, Bottega Veneta Closed down the mall just to shop different levels Certified stones, got certified bezels Dancin" with the devil, got certified hitters Smoke you like hookah, come blind you with killers I need a toxic bitch "Cause I know the love she gives That"s my toxic twin Feel like I"m winnin" again Pluto, yeah, yeah (Feel like I"m winning again) Cuatro Rollie, dos AP Young rich nigga como Mbappé Young rich nigga, mírame el Patek Young rich nigga buscándome un check Carro es foreign y no es Teck No soy de Medallo, pero estoy blessed Glock 42 y no es de Sech G el SUV y el jet Cuatro Rollie, dos AP Young rich nigga como Mbappé Young rich nigga, mírame el Patek Young rich nigga buscándome un check Carro es foreign y no es Teck No soy de Medallo, pero estoy blessed Glock 42 y no es de Sech G el SUV y el jet',13);
--ALBUM_14--
INSERT INTO CANCIONES VALUES(73,'VENENO','2:29','Urbano latino, Dance/Música electrónica, Pop','Yah J Balvin, man Ya va más de una luna llena Tirándome y no me texteas Sácame de esta cuarentena Iba a las millas, me pusiste los frenos Porque yo soy tu veneno, tu veneno, yeah eh (ah, ah) Te hago mal, pero qué bueno cuando lo hacemos, yeah eh (yeah eh) En ti me puse a pensar En todas esas bellaqueras cuando conmigo estabas (oh, oh) Sé que te sientes igual Y extrañas cuando encima me brincabas (uh) Porque yo soy tu veneno, tu veneno, yeah eh (ah, ah) Te hago mal, pero qué bueno que lo hacemos, yeah eh (yeah eh) En ti me puse a pensar En todas esas bellaqueras cuando conmigo estabas (leggo, leggo) Sé que te sientes igual y extrañas cuando (ey) Pedía hacerlo con mis canciones Te ponías creativa inventando posiciones (wuh) Y ahora el que te lo pone (pone) Se vuelve loco cuando hace que tú me menciones Mujer, dile que a mí me perdone No es culpa mía que te ande celando por lo del otro día Si te lo di en cuatro como se suponía (wuh) Me tienes en vela desde la despedida (ey) Y yo ya no duermo, de noche me desvelo (ah, desvelo) Si tú me das una pista, cojo vuelo (vuelo) Mami, yo caliente, tú hielo (ice, hielo) Por ti yo cancelo los cueros (cueros) Me tienes recordando todo lo que te hacía (sí, sí) No entiendo cómo un polvo de esos se olvida Un día estoy detrás de ti como policía (¡wuh!) Yo que estoy pa ti, pero Iba a las millas, me pusiste los frenos Porque yo soy tu veneno, tu veneno, yeah eh (ah, ah) Te hago mal, pero qué bueno cuando lo hacemos, yeah eh (yeah eh) En ti me puse a pensar En todas esas bellaqueras cuando conmigo estabas (leggo, leggo) Sé que te sientes igual y extrañas cuando (yeah) J Balvin, man El negocio, socio Ey Sky Rompiendo, Rompiendo el bajo Yeah Taiko Mo-mo-mosty Leggo La familia Iba a las millas, me pusiste los frenos',14);
INSERT INTO CANCIONES VALUES(74,'MALVADA','2:58','Urbano latino, Pop','Ella estremece con las palabras que dice Y cuando baila empieza a llamar la atención Esta volando alto pa que la aterrice Y todo lo que digo ella me contradice Y si te crees mala Yo soy más malo, yo soy malvado, pa ti malvada Me está metiendo presión Y yo sigo firme como si nada Y si te crees mala Yo soy más malo, yo soy malvado, pa ti malvada Me está metiendo presión Y yo sigo firme como si nada bebe Me encanta la manera en que me mira Crees que me intimida, en el fondo ella sabe que me tira Me trata mal si esta con sus amigas Pero me ve con otra, y me reclama son las cosas de la vida Si estás muy brava dime Si eres mala de verdad En privado quiero comprobarlo Que entre mas brava se ve a mi me gusta más Mucho más Si estás muy brava dime Si eres mala de verdad En privado quiero comprobarlo Que entre mas brava se ve a mi me gusta más Mucho más Y si te crees mala Yo soy más malo, yo soy malvado, pa ti malvada Me está metiendo presión Y yo sigo firme como si nada Y si te crees mala Yo soy más malo, yo soy malvado, pa ti malvada Me está metiendo presión Y yo sigo firme como si nada bebe Ella solo quiere llamar la atención Y yo que no caigo en su juego Detrás de esa mirada veo mala intención Hoy trae su maldad con deseo Ella estremece con las palabras que dice Y cuando baila empieza a llamar la atención Está volando alto pa que la aterrice Y todo lo que digo ella me contradice Y si te crees mala Yo soy más malo, yo soy malvado, pa ti malvada Me está metiendo presión Y yo sigo firme como si nada Y si te crees mala Yo soy más malo, yo soy malvado, pa ti malvada Me está metiendo presión Y yo sigo firme como si nada bebe',14);
INSERT INTO CANCIONES VALUES(75,'SAFARI','3:25','Urbano latino, Pop','A ella le gus- A ella le gus- A ella le gus- A ella le gusta A mí me gusta A ella le gusta Bailar pa mi A ella le gusta Mami mami con tu body (a mí me gusta) Este party es un safari (a ella le gusta) Todos miran como bailas (a mí me gusta) Hoy tu andas con un animal (a ella le gusta) Mami mami, con tu body (a mí me gusta) Este party es un safari (a ella le gusta) Todos miran como bailas (a mí me gusta) Hoy tu andas...(a ella le gusta) Baila pa mi Vente conmigo (a mí me gusta) Sola conmigo (a ella le gusta) Vente conmigo (a mí me gusta) Sola conmigo (a ella le gusta) Vente conmigo (a mí me gusta) Sola conmigo (a ella le gusta) Vente conmigo (a mí me gusta) Sola conmigo (a ella le gusta) Todo ese cuerpo que tú tienes me vuelve loco Y más cuando bailas pa’ mi Esa mirada provoca y tu toda loca Te muerdes los labios cuando suena el bet Oye papi vamos con mis amigas para el party Tengo algo por un animal Cuando mi gente está aquí hay tsunami, wavey Así es lo que me gusta You know I like it when refresco Me llamo princesa Voy a coger provecho Lo que me gusta You know I like it when refresco Me llamo princesa Voy a coger provecho A ella le gusta A mi me gusta A ella le gusta A mi me gusta Bailar pa mi A ella le gusta Mami mami con tu body (a mí me gusta) Este party es un safari (a ella le gusta) Todos miran como bailas (a mí me gusta) Hoy tu andas con un animal (a ella le gusta) Mami mami con tu body (a mí me gusta) Este party es un safari (a ella le gusta) Todos miran como bailas (a mí me gusta) Hoy tu andas...baila pa mi (a ella le gusta) Vente conmigo (a mí me gusta) Sola conmigo (a ella le gusta) Vente conmigo (a mí me gusta) Sola conmigo (a ella le gusta) Vente conmigo (a mí me gusta) Sola conmigo (a ella le gusta) Vente conmigo (a mí me gusta) Sola conmigo (a ella le gusta) Saca la fiera que llevas ahí Ese instinto salvaje que me gusta Cuando se pone de espaldas y empiezo mirarla La tela me rasga y seguimos aquí Oye papi vamos con mis amigas para el party Tengo algo por un animal Cuando mi gente está aquí hay tsunami, wavey Así es lo que me gusta You know I like it when refresco Me llamo princesa Voy a coger provecho Lo que me gusta You know I like it when refresco Me llamo princesa Voy a coger provecho A ella le gusta A mi me gusta A ella le gusta A mi me gusta A ella le gusta A mi me gusta A ella le gusta A mi me gusta',14);
INSERT INTO CANCIONES VALUES(76,'BOBO','3:29','Urbano latino, Pop','No llores por un bobo Si él te deja sola yo te robo Te llevo a un lugar escondido Donde podremos estar solos, solos, solos No llores por un bobo Si él te deja sola yo te robo Te llevo a un lugar escondido Donde podremos estar solos, solos, solos La la la la La la la (ieeh) la No llores muñeca Y vamos pa" la discoteca mami La la la la La la la (ieeh) la Mami no más lágrimas Que amores en la calle siempre hay demás Es bobo lo sé, lo imaginé Mi mente pensando cuando la podré tener a usted Él es un b-o b-o, yo solo veo veo Cómo te pierdes el deseo Deja que el sol hoy te despierte en mi cama Y que la luna sepa que estás aquí Sin hablar de amor ni de esas cosas raras Tú eres libre así que vuela mami Deja que el sol hoy te despierte en mi cama Y que la luna sepa que estás aquí Sin hablar de amor ni de esas cosas raras Tú eres libre así que vuela mami La la la la La la la (ieeh) la No llores muñeca Y vamos pa" la discoteca mami La la la la La la la (ieeh) la Mami no más lágrimas Que amores en la calle siempre hay demás Bailando, así te quiero ver Mi vida, olvídate de él Mami no más lágrimas Que amores en la calle siempre hay demás Bailando, así te quiero ver Mi vida, olvídate de él Mami no más lágrimas Que amores en la calle siempre hay demás No llores por un bobo Si él te deja sola yo te robo Te llevo a un lugar escondido Donde podremos estar solos No llores por un bobo Si él te deja sola yo te robo Te llevo a un lugar escondido Donde podremos estar solos, solos, solos La la la la La la la (ieh) la No llores muñeca Y vamos pa" la discoteca mami La la la la La la la (ieh) la Mami no más lágrimas Que amores en la calle siempre hay demás J Balvin man Sky Rompiendo El Bajo Mosty Infinity Music Deja que el sol te despierte en mi cama Y que la luna sepa que estás aquí Sin hablar de amor ni de esas cosas raras Tú eres libre así que vuela mami Deja que el sol te despierte en mi cama Y que la luna sepa que estás aquí Sin hablar de amor ni de esas cosas raras Tú eres libre así que vuela mami',14);
INSERT INTO CANCIONES VALUES(77,'SIGO EXTRAÑÁNDOTE','3:21','Reguetón, Urbano latino, Pop','Tú sabes que no quiero perderte Sabes que este amor es tan fuerte Era envidiable lo de los dos (Yeah, yeah) Es que esta noche volveré a tocarte Cuando la luna deje de mirarte Y me entregues todo tu cuerpo Entiende que yo sigo extrañándote A cada instante, en todo momento Entiende que yo sigo extrañándote A cada instante, en todo momento Deja que te cuente no sales de mi mente Siempre presente Yo estoy pendiente a tus movimientos Buscando la oportunidad Veo que subes a Instagram No te importa el que dirán, baby Con las fotos que tú subes, yo muriéndome Por ser el que te calienta en la noche Y te quiero ver (yeah) Para resolver (yeah) Dime dónde, por favor, responde Contéstame (yeah, yeah) Y te quiero ver (yeah) Para resolver (yeah) Dime dónde, por favor, responde Contéstame (yeah) Entiende que yo sigo extrañándote A cada instante, en todo momento Entiende que yo sigo extrañándote A cada instante, en todo momento Sabes que yo soy pa" ti Y que tú eres pa" mí Se supo desde el primer día Sentí que ya te conocía Sigo esperándote aquí Esperando por ti Se supo desde el primer día Sentí que ya te conocía Tú sabes que no quiero perderte Sabes que este amor es tan fuerte Era envidiable lo de los dos (yeah, yeah) Es que esta noche volveré a tocarte Cuando la luna deje de mirarte Y me entregues todo tu cuerpo Entiende que yo sigo extrañándote A cada instante, en todo momento Entiende que yo sigo extrañándote A cada instante, en todo momento J Balvin, man Sky rompiendo el bajo Mo-mo-mo-Mosty Bull Nene Feid Leggo" Infinity Music Energía Infinity Y me entregues todo tu cuerpo',14);
--ALBUM_15--
INSERT INTO CANCIONES VALUES(79,'KING DADDY','2:31','Urbano latino','¡Da-ddy! ¡Da-ddy! Quiere mambo, azótalo Quiere mambo, agárralo Quiere mambo, suénalo ¡Da-ddy! Quiere mambo, azótalo Quiere mambo, agárralo Quiere mambo, suéltalo ¡Da-ddy! Pegajoso, peligroso Suena un capo con el corte "e mafioso Mi soldados con mi grito guerilloso (¿Cómo?) (¡oh!) En prueba de fuego En la calle me suelo crecer De niño en el barrio se aprende a no retroceder Voy safao" con tu cuento No cojas el sereno de mi nuevo amanecer Tú quieres ser como yo ahora Pero LeBron James nunca va hacer lo que hizo Jordan El shooting guard del reggaetón, nadie tira mejor que yo Driblando el flow y aquí se despliega Sicarios me acusan por robarme el show Productores, raperos, con ego de estrellas lo niegan Otra gente va en camino a ciegas Y el matador es D-A-doble D-Y That"s me (jaja) Los números hablan por sí solos Conteo regresivo Come on! Tres, dos, uno, ¡tra! Quiere mambo, azótalo Quiere mambo, agárralo Quiere mambo, suénalo ¡Da-ddy! Quiere mambo, azótalo Quiere mambo, agárralo Quiere mambo, suéltalo ¡Da-ddy! Yo Con más peso va el segundo verso Pa" quitarle la máscara a los perversos Mi soldados con el grito "e malianteo (¡Oh!) Lo lamento, yo no miento Cada vez que digo un juramento Mañana serás alimento pa" las aves en el pavimento Pues yo no estoy pa" ponerle el pie a nadie Cruza mi línea y sentirás toda mi barbarie Yo me crezco ante situaciones malas Tu corillo que se busque un par de palas Donde pongo el ojo pongo la bala A tu vuelo es fácil tumbarle las alas Ellos actúan como si no supieran Pero ellos saben quién soy y lo que doy en este género El Cartel Records, man Tres, dos, uno, ¡tra! Quiere mambo, azótalo Quiere mambo, agárralo Quiere mambo, suénalo ¡Da-ddy! Quiere mambo, azótalo Quiere mambo, agárralo Quiere mambo, suéltalo ¡Da-ddy! Luny Tunes Daddy Yankee El Cartel Records, man Los Cangris Esto es Barrio Fino Con temor a Dios y sin miedo al hombre ¡Cangri! Come on!',15);
INSERT INTO CANCIONES VALUES(80,'DALE CALIENTE','3:15','Urbano latino','Ah, I da real meal (Got to have with me) Bass it up And Daddy Yankee bassing up again (Hey Daddy Yankee) (What ya say?) (More fire) Daddy Come on Ven y huelen mi candela Mira esa morena como activa esa suela Más candela, mueve esa tela Mi rumba se cuela pa"la piel quemártela Ven y huelen mi candela Mira esa morena como activa esa suela Más candela, mueve esa tela Mi rumba se cuela pa"la piel quemártela (¿Qué, qué?) Dale caliente (Dame caliente) Da-dale caliente (Dame caliente) Da-dale caliente (Dame caliente) Da-dale caliente (Papi, dame caliente) Que llamen al 9-11, que es tiempo de juego Díganle que Yankee ahora está tirando el fuego Pa" las dulces ladies, las furiosas babies Ellas estan pidiendo que le suelte yo mi gravy De la rima espesa, pa" no midas fuerza Que voy a fundir todos tus aires de grandeza No te busques fuete, soy acha y machete Yo nací pa" esto, no pegue de golpe de suerte Claro Dale caliente (Dame caliente) Da-dale caliente (Dame caliente) Da-dale caliente (Dame caliente) Da-dale caliente (Papi, dame caliente) Ven y huelen mi candela Mira esa morena como activa esa suela Más candela, mueve esa tela Mi rumba se cuela pa"la piel quemártela Ven y huelen mi candela Mira esa morena como activa esa suela Más candela, mueve esa tela Mi rumba se cuela pa"la piel quemartela (¿Que, que?) Dale caliente Da-dale caliente Da-dale caliente Da-dale caliente Mamá tú no tienes fiebre, pero estás que hierve Muévete esas nalgas hasta que la tierra tiemble Nadie sale ileso, siempre sueno grueso Sigo repartiendo pasto y queso Mami, sigue, suave dándole Lento, dándole Duro, dándole A fuego, dándole Yo soy real ya que el otro es un fake Y aquí te va mi syrup e" pancakes El azuquita pa" to"as las gatitas Fundiendo mi letra hasta que el acero derriten Norte, Sur y Este, hasta el viejo Oeste Todos estan concientes, que cuando le meto es excelente Dale caliente (Dame caliente) Da-dale caliente (Dame caliente) Da-dale caliente (Dame caliente) Da-dale caliente (Papi, dame caliente) Ven y huele mi candela Mira esa morena como activa esa suela Más candela, mueve esa tela Mi rumba se cuela pa"la piel quemártela Ven y huelen mi candela Mira esa morena como activa esa suela Más candela, mueve esa tela Mi rumba se cuela pa"la piel quemártela DD YY hey DD YY hey DD YY hey Hey Daddy Yankee That"s what we doing to earth (You know) Daddy "Barrio Fino" Monserrate, DJ Urba, y Fido Tranquilo, Ja Esto es lo mío (Hey) You know Hey DD YY Hey DD YY',15);
INSERT INTO CANCIONES VALUES(81,'NO ME DEJES SOLO','2:50','Urbano latino','Me acuerdo cuando yo te conocí (you know, Daddy) Que dijiste "esta noche esta buena pa hacer maldades" (W) Me acuerdo cuando en tu cama dormí (Yandel) Que dijiste que tú no podías vivir sin mí (Come on, are you ready ma? Fuimo") Por eso Mami, no me dejes solo (Papi, no me dejes sola) Te gusta cuando yo te azoto (Papi, tú me vuelves loca) Mami, no me dejes solo (Papi no me dejes sola) Te gusta cuando yo te azoto (Daddy) (Papi, tú me vuelves loca) (¿qué, qué, qué?) Quiero tu aroma de fresa y melocotón Pongo la leña pa prender ese fogón Corre en mi línea, acelera, mete chambón ¿Qué? Let"s go Canto "e fresca, te gusta ir de pesca Buscando caña pero de la gigantesca Más duro, entonces yo te vacuno Tan sencillo como el uno por uno Tu padre y tu madre contigo botaron la bola (Yo tengo el abono que está pidiendo esa amapola) (¿Qué?) (Papi, tírate ahora) Mami, no me dejes solo (Papi, no me dejes sola) Te gusta cuando yo te azoto (Papi, tú me vuelves loca) Mami, no me dejes solo (Papi, no me dejes sola) Te gusta cuando yo te azoto (Papi, tú me vuelves loca) Hasta abajo, mami, dobla las rodillas Sacude el bumper duro y la tablilla Booty de acero que me dobla la varilla ¿Qué? Activao hasta botar las polillas Es que en la disco es que mi gata coge vuelo (¡Hey!) Le gusta que la besen por el cuello (¡Hey!) Sus besos saben a caramelo Y si nos vamos pal duelo Yo la atropello (¿qué, qué, qué?) Tu padre y tu madre contigo botaron la bola (Yo tengo el abono que está pidiendo esa amapola) ¿Qué? (Papi, tírate ahora) Mami, no me dejes solo (Papi, no me dejes sola) Te gusta cuando yo te azoto (Papi, tú me vuelves loca) Mami, no me dejes solo (Papi, no me dejes sola) Te gusta cuando yo te azoto (Papi, tú me vuelves loca) Daddy (oe oh) Yandel (oe oh) W Pa, sé realista (oe oh) Tú sabes quienes son (¡oh!) Los que hacen la pauta en esta musica, pa No te vayas muy lejos (oe oh) C"mon man Daddy (oe oh) Monserrate, DJ Urba y Fido (oe oh) Pa todas las mamis en el Barrio Fino (¡oh!) Come on',15);
INSERT INTO CANCIONES VALUES(82,'GASOLINA','3:12','Reguetón, Urbano latino, Pop','Oh Oh Oh Oh Oh Who"s this? (Oh) Da-ddy Yan-kee (oh, oh) Zúmbale mambo pa" que mi gata prenda lo" motore" Zúmbale mambo pa" que mi gata prenda lo" motore" Zúmbale mambo pa" que mi gata prenda lo" motore" Que se preparen que lo que viene es pa" que le den (duro) Mamita, yo sé que tú no te me vas a quitar (duro) Lo que me gusta es que tú te dejas llevar (duro) To" los weekenes ella sale a vacilar (duro) Mi gata no para "e janguear porque A ella le gusta la gasolina (Dame más gasolina) Cómo le encanta la gasolina (Dame más gasolina) A ella le gusta la gasolina (Dame más gasolina) Cómo le encanta la gasolina (Dame más gasolina) Ella prende las turbina" No discrimina No se pierde ni un party de marquesina Se acicala hasta pa" la esquina Luce tan bien que hasta la sombra le combina Asesina, me domina Janguea en carro", motoras y limosina" Llena su tanque de adrenalina Cuando escucha el reggaeton en la cocina A ella le gusta la gasolina (Dame más gasolina) Cómo le encanta la gasolina (Dame más gasolina) A ella le gusta la gasolina (Dame más gasolina) Cómo le encanta la gasolina (Dame más gasolina) yo Aquí ya somo" lo" mejore" No te me ajore" En la pista nos llaman los matadore" Tú hace" que cualquiera se enamore Cuando bailas al ritmo de los tambore" Esto va pa" las gata" de to" colore" Pa" las mayore", pa" las menore" Pa" las que son más zorra" que los cazadore" Pa" las mujere" que no apagan sus motores Tenemo" tú y yo algo pendiente Tú me debes algo y lo sabe" Conmigo ella se pierde No le rinde cuentas a nadie Tenemo" tú y yo algo pendiente Tú me debes algo y lo sabe" Conmigo ella se pierde No le rinde cuentas a nadie Zúmbale mambo pa" que mi gata prenda lo" motore" Zúmbale mambo pa" que mi gata prenda lo" motore" Zúmbale mambo pa" que mi gata prenda lo" motore" Que se preparen que lo que viene es pa" que le den (duro) Mamita, yo sé que tú no te me vas a quitar (duro) Lo que me gusta es que tú te dejas llevar (duro) To" los weekenes ella sale a vacilar (duro) Mi gata no para de janguear porque A ella le gusta la gasolina (oh, oh) (Dame más gasolina) (oh, oh) Cómo le encanta la gasolina (oh, oh) (Dame más gasolina) (oh, oh) A ella le gusta la gasolina (oh, oh) (Dame más gasolina) (oh, oh) Cómo le encanta la gasolina (oh, oh) (Dame más gasolina) (oh, oh) Oh, oh Oh, oh Oh, oh Oh, oh',15);
INSERT INTO CANCIONES VALUES(83,'LIKE YOU','3:22','Urbano latino','Yo! It"s your boy! Daddy Yankee! All my Latinos stand up! Marcando la historia Caminen comigo en esta Holla back You know how we do man! "Cause you"re the only one for me (All I want is a girl like you) It"s the way that you make me feel (All I want is a girl like you) "Cause you"re the only one for me (All I want is a girl like you) It"s the way that you make me feel (All I want is a girl like you) Straight up, you"s a bad ass, baby you hot In the hood you feel the tension when you walk down the block That"s the reason you mujers got me, believe it or not Me and you can run the world like Biggie and Pac "Cause you my main homie, my main shorty Cock back hammers and bang homie, protecting our gauge slowly With a girl like you, forget the nonsense We"ll be the most talked about like the chicos and gossip Dime! (Daddy Yankee is shining right now) Come on cop me now, I got this game locked down What you know about big things, strong wheels, strong bills Me and you holding it down, it"s so real Come on! "Cause you"re the only one for me (All I want is a girl like you) It"s the way that you make me feel (All I want is a girl like you) "Cause you"re the only one for me (All I want is a girl like you) It"s the way that you make me feel (All I want is a girl like you) Yo! La negra tiene tumba"o Cuando camina de"lao Por la calle ocho sin miedo we be wildin" out Switching lanes on the freeway, corriendo por miles A little four play like Bonnie and Clyde en el crimen Touching you is not a felony How am I a playa, ma? Do I look like Bill Bellamy? No te molestes yo soy tuyo na" más (haha) I"m not a player, I just crush a lot (Come on!) Tú eres la chica ideal para mí (All I want is a girl like you) Como tú nadie me ha hecho sentir (All I want is a girl like you) "Cause you"re the only one for me (All I want is a girl like you) It"s the way that you make me feel (All I want is a girl like you) Oh! Oh! Oh! (All I want is a girl like you) Oh! Oh! Oh! (All I want is a boy like you) Oh! Oh! Oh! (All I want is a girl like you) Oh! Oh! Oh! (All I want is a boy like you) "Cause you"re the only one for me (All I want is a girl like you) It"s the way that you make me feel (All I want is a girl like you) "Cause you"re the only one for me (All I want is a girl like you) It"s the way that you make me feel (All I want is a girl like you) Yeah! All my Latinos stand up! Caminen conmigo! On the floor bussing Daddy Yankee! Barrio Fino! And I"m proud to be Latin man Letting you know this is real King of the jungle Luny Tunes',15);


-- =============================================================================================================

CREATE TABLE CONTIENEN
(
ID_MEMBRESIAS NUMBER, 
ID_CANCION NUMBER,
CONSTRAINT PK_CONTIENEN PRIMARY KEY (ID_MEMBRESIAS,ID_CANCION),
CONSTRAINT FK_ID_MEMBRESIAS_CONTIENE FOREIGN KEY (ID_MEMBRESIAS) REFERENCES MEMBRESIAS (ID_MEMBRESIAS),
CONSTRAINT FK_ID_CANCION_CONTIENE FOREIGN KEY (ID_CANCION) REFERENCES CANCIONES (ID_CANCION)
); 

-- INSERTADO CONTIENEN
INSERT INTO CONTIENEN VALUES (1,1);
INSERT INTO CONTIENEN VALUES (2,1);
INSERT INTO CONTIENEN VALUES (3,1);
INSERT INTO CONTIENEN VALUES (4,1);
INSERT INTO CONTIENEN VALUES (1,2);
INSERT INTO CONTIENEN VALUES (2,2);
INSERT INTO CONTIENEN VALUES (3,2);
INSERT INTO CONTIENEN VALUES (4,2);
INSERT INTO CONTIENEN VALUES (1,3);
INSERT INTO CONTIENEN VALUES (2,3);
INSERT INTO CONTIENEN VALUES (3,3);
INSERT INTO CONTIENEN VALUES (4,3);
INSERT INTO CONTIENEN VALUES (1,4);
INSERT INTO CONTIENEN VALUES (2,4);
INSERT INTO CONTIENEN VALUES (3,4);
INSERT INTO CONTIENEN VALUES (4,4);
INSERT INTO CONTIENEN VALUES (1,5);
INSERT INTO CONTIENEN VALUES (2,5);
INSERT INTO CONTIENEN VALUES (3,5);
INSERT INTO CONTIENEN VALUES (4,5);
INSERT INTO CONTIENEN VALUES (1,6);
INSERT INTO CONTIENEN VALUES (2,6);
INSERT INTO CONTIENEN VALUES (3,6);
INSERT INTO CONTIENEN VALUES (4,6);
INSERT INTO CONTIENEN VALUES (1,7);
INSERT INTO CONTIENEN VALUES (2,7);
INSERT INTO CONTIENEN VALUES (3,7);
INSERT INTO CONTIENEN VALUES (4,7);
INSERT INTO CONTIENEN VALUES (1,8);
INSERT INTO CONTIENEN VALUES (2,8);
INSERT INTO CONTIENEN VALUES (3,8);
INSERT INTO CONTIENEN VALUES (4,8);
INSERT INTO CONTIENEN VALUES (1,9);
INSERT INTO CONTIENEN VALUES (2,9);
INSERT INTO CONTIENEN VALUES (3,9);
INSERT INTO CONTIENEN VALUES (4,9);
INSERT INTO CONTIENEN VALUES (1,10);
INSERT INTO CONTIENEN VALUES (2,10);
INSERT INTO CONTIENEN VALUES (3,10);
INSERT INTO CONTIENEN VALUES (4,10);
INSERT INTO CONTIENEN VALUES (1,11);
INSERT INTO CONTIENEN VALUES (2,11);
INSERT INTO CONTIENEN VALUES (3,11);
INSERT INTO CONTIENEN VALUES (4,11);
INSERT INTO CONTIENEN VALUES (1,12);
INSERT INTO CONTIENEN VALUES (2,12);
INSERT INTO CONTIENEN VALUES (3,12);
INSERT INTO CONTIENEN VALUES (4,12);
INSERT INTO CONTIENEN VALUES (1,13);
INSERT INTO CONTIENEN VALUES (2,13);
INSERT INTO CONTIENEN VALUES (3,13);
INSERT INTO CONTIENEN VALUES (4,13);
INSERT INTO CONTIENEN VALUES (1,14);
INSERT INTO CONTIENEN VALUES (2,14);
INSERT INTO CONTIENEN VALUES (3,14);
INSERT INTO CONTIENEN VALUES (4,14);
INSERT INTO CONTIENEN VALUES (1,15);
INSERT INTO CONTIENEN VALUES (2,15);
INSERT INTO CONTIENEN VALUES (3,15);
INSERT INTO CONTIENEN VALUES (4,15);

-- =============================================================================================================

CREATE TABLE CRISTAL_BASIC
(
ID_MEMBRESIAS NUMBER,
CONSTRAINT PK_ID_MEMBRESIAS_CRISTAL PRIMARY KEY (ID_MEMBRESIAS),
CONSTRAINT FK_ID_MEMBRESIAS_CRISTAL FOREIGN KEY (ID_MEMBRESIAS) REFERENCES MEMBRESIAS (ID_MEMBRESIAS)
);

-- INSERTADO CRISTAL_BASIC
INSERT INTO CRISTAL_BASIC VALUES (1);

-- =============================================================================================================

CREATE TABLE ZAFIRO_STANDAR
(
ID_MEMBRESIAS NUMBER,
CONSTRAINT PK_ID_MEMBRESIAS_ZAFIRO PRIMARY KEY (ID_MEMBRESIAS),
CONSTRAINT FK_ID_MEMBRESIAS_ZAFIRO FOREIGN KEY (ID_MEMBRESIAS) REFERENCES MEMBRESIAS (ID_MEMBRESIAS)
);

-- INSERTADO ZAFIRO_STANDAR
INSERT INTO ZAFIRO_STANDAR VALUES (2);

-- =============================================================================================================

CREATE TABLE RUBI_STANDAR
(
ID_MEMBRESIAS NUMBER,
CONSTRAINT PK_ID_MEMBRESIAS_RUBI PRIMARY KEY (ID_MEMBRESIAS),
CONSTRAINT FK_ID_MEMBRESIAS_RUBI FOREIGN KEY (ID_MEMBRESIAS) REFERENCES MEMBRESIAS (ID_MEMBRESIAS)
);

-- INSERTADO RUBI_STANDAR
INSERT INTO RUBI_STANDAR VALUES (3);

-- =============================================================================================================

CREATE TABLE DIAMANTE_PREMIUM
(
ID_MEMBRESIAS NUMBER,
CONSTRAINT PK_ID_MEMBRESIAS_DIAMANTE PRIMARY KEY (ID_MEMBRESIAS),
CONSTRAINT FK_ID_MEMBRESIAS_DIAMANTE FOREIGN KEY (ID_MEMBRESIAS) REFERENCES MEMBRESIAS (ID_MEMBRESIAS)
);

-- INSERTADO DIAMANTE_PREMIUM
INSERT INTO DIAMANTE_PREMIUM VALUES(4);

-- =============================================================================================================

CREATE TABLE CAT_AUDIOVISUAL 
(
ID_CAT_AUDIOVISUAL VARCHAR2(5),
NOMBRE VARCHAR2(50) NOT NULL,
DESCRIPCION VARCHAR2(4000) NOT NULL,
DURACION VARCHAR2(8) NOT NULL,
ARTISTA VARCHAR2(300)NOT NULL,
FECHA_LANZAMIENTO DATE NOT NULL,
CONSTRAINT PK_ID_CAT_AUDIOVISUAL PRIMARY KEY (ID_CAT_AUDIOVISUAL)
);

-- INSERCIONES DE LAS PELÍCULAS
-- Megan
INSERT INTO CAT_AUDIOVISUAL VALUES ('P_001','M3gan','Terror, thriller. Megan aparenta ser un juguete divertido que puede satisfacer a Cady en todos los aspectos principalmente en el emocional. Es un dispositivo eficaz, con alta capacidad de aprendizaje y determinada a cumplir con el objetivo impuesto. Conforme avanza la película esta niña robótica nos muestra más a un robot animado, agradable y con gran capacidad para darle a Cady el cariño que tanto necesita, pero el riesgo esta latente ya que Megan no es una compañera es un arma.
Tal como Cady aprende y se beneficia de la reacción que tiene con el androide, Megan también aprende la niña que acompaña. Poco a poco su precepción del mundo crece, se hace más profunda y detallada. Sin embargo, a diferencia de otras tantas versiones el aprendizaje del robot no esta afectado por el sentido ético o moral y no obedece a ninguna regla de subordinación, lo que la hace más peligrosa.
La muñeca descubre que es superior a un ser humano que es más fuerte, rápida, que no obedece a ninguna directriz y sobre todo evita el cliché de que los robot adquieren ambiciones propias. En esta reseña de Megan hay que enfatizar que ella solo lleva a acabo el objetivo para el cual fue construida y lo hace con la mayor precisión posible aunque resulte asfixiante o terrorífica.','1:42:00','Gerard Johnstone',TO_DATE('06/01/2023','DD/MM/YYYY'));
-- black adam
INSERT INTO CAT_AUDIOVISUAL VALUES ('P_002','Black Adam','Acción, ciencia ficción. Un poder nacido de la ira. Casi 5.000 años después de haber sido dotado de los poderes omnipotentes de los antiguos dioses y encarcelado con la misma rapidez, Black Adam es liberado de su tumba terrenal, listo para desatar su forma única de justicia en el mundo moderno.','2:05:00','Jaume Collet-Serra',TO_DATE('21/10/2022','DD/MM/YYYY'));
-- Escuadrón suicida
INSERT INTO CAT_AUDIOVISUAL VALUES ('P_003','Escuadrón suicida','Acción. Fantástico. Thriller | Crimen. Cómic. DC Comics. Superhéroes. El mundo está amenazado. Una invasión alienígena de intenciones poco amistosas amenaza al gobierno, que no sabe bien cómo reaccionar. Será , Amanda "El Muro" Waller, la líder de la agencia secreta A.R.G.U.S., quién de con una retorcida solución: reclutar a los villanos más crueles del país y conseguir que trabajen a sus órdenes. Así, tras capturar a June Moone, Deadshot, Harley Quinn, Diablo, Boomerang, Slipknot y Killer Croc, consiguen que colaboren con el gobierno prometiéndoles amnistía, e implantándoles un chip explosivo en el cuello que se activará si desobedecen órdenes. Los problemas no acaban aquí, pues el villano más temido de Gotham, el Joker, entrará en escena con la intención de recuperar a su único amor: Harley Quinn.','2:12:00','David Ayer',TO_DATE('30/07/2021','DD/MM/YYYY'));
-- Fast & Furious: Hobbs & Shaw
INSERT INTO CAT_AUDIOVISUAL VALUES ('P_004','Fast Furious: Hobbs and Shaw','Acción/Aventura. Después de casi cinco mil millones de dólares recaudados a lo largo de ocho películas, la franquicia Fast and Furious presenta el primer capítulo independiente de la saga, con Dwayne Johnson y Jason Statham en sus papeles habituales como Luke Hobbs y Deckard Shaw en FAST and FURIOUS: HOBBS and SHAW.
Desde que en Fast and Furious 7 se cruzaron los caminos del imponente agente Hobbs, un leal miembro de los servicios de Seguridad del Cuerpo Diplomático estadounidense, y del solitario mercenario Shaw, ex miembro de un cuerpo de élite del ejército británico, los insultos, golpes y burlas no han cesado entre ellos para ver cuál de los dos cae antes.
Pero cuando un anarquista mejorado ciber-genéticamente llamado Brixton, se hace con el control de una peligrosa arma biológica, el mundo se enfrenta a una de sus mayores amenazas. Cuando Shaw se entera de que además Brixton ha derrotado a su hermana, una brillante e intrépida agente secreta del M16, él y Hobbs no tendrán más remedio que dejar su mortal enemistad a un lado para salvar el mundo y derrotar al único hombre capaz de acabar con ellos.','2:16:00','David Leitch',TO_DATE('02/08/2019','DD/MM/YYYY'));
-- jungla de cristal
INSERT INTO CAT_AUDIOVISUAL VALUES ('P_005','Jungla de cristal','Acción/Suspense. En lo alto de la ciudad de Los Ángeles, un grupo terrorista se ha apoderado de un edificio tomando a un grupo de personas como rehenes. Sólo un hombre, el policía de Nueva York John McClane, ha conseguido escapar del acoso terrorista. Aunque está solo y fuera de servicio, McClane se enfrentará a los secuestradores. Él es la única esperanza para los rehenes.','2:12:00','Die Hard',TO_DATE('30/09/1988','DD/MM/YYYY'));
-- avatar el sentido del agua
INSERT INTO CAT_AUDIOVISUAL VALUES ('P_006','Avatar: El sentido del agua','Ciencia ficción/Acción. Ambientada más de una década después de los acontecimientos de la primera película, empieza contando la historia de la familia Sully, los problemas que los persiguen, lo que tienen que hacer para mantenerse a salvo, las batallas que libran para seguir con vida y las tragedias que sufren.','3:12:00','James Cameron',TO_DATE('16/10/2022','DD/MM/YYYY'));
-- Oso vicioso
INSERT INTO CAT_AUDIOVISUAL VALUES ('P_007','Oso vicioso','Thriller. Inspirada en una increíble historia real, esta salvaje comedia reúne en un bosque de Georgia a un curioso grupo de policías, delincuentes, turistas y adolescentes que se encontrarán con un super depredador de 230 kilos que ha tragado una enorme cantidad de cocaína y que se halla en un frenesí destructivo en busca de más polvo… y mucha sangre.','1:35:00','Elizabeth Banks',TO_DATE('31/03/2023','DD/MM/YYYY'));
-- Super Mario Bros: La película
INSERT INTO CAT_AUDIOVISUAL VALUES ('P_008','Super Mario Bros: La película','Comedia, aventura y animación. Por primera vez en la historia, dos emblemáticos gigantes del entretenimiento mundial unen fuerzas para crear SUPER MARIO BROS. LA PELÍCULA, una nueva aventura en la gran pantalla protagonizada por uno de los personajes más populares y perennes de la cultura popular de las últimas cuatro décadas.
Basada en el mundo de los videojuegos de Super Mario de Nintendo, SUPER MARIO BROS. LA PELÍCULA nos invita a un vibrante y apasionante universo nuevo, diferente a todo lo creado anteriormente, un evento cinematográfico cargado de humor y acción.
Mientras trabajan en una avería subterránea, los fontaneros de Brooklyn Mario y su hermano Luigi viajan por una misteriosa tubería hasta un nuevo mundo mágico. Pero cuando los hermanos se separan, Mario emprende una épica misión para encontrar a Luigi.
Con la ayuda del champiñón local Toad y unas cuantas nociones de combate de la guerrera líder del Reino Champiñón, la princesa Peach, Mario descubre todo el poder que alberga en su interior.
SUPER MARIO BROS. LA PELÍCULA cuenta con un reparto cómico en VO, con estrellas de la talla de JACK BLACK dando vida a Bowser, SETH ROGEN poniendo voz a Donkey Kong, FRED ARMISEN como Cranky Kong, KEVIN MICHAEL RICHARDSON encarnando a Kamek y SEBASTIAN MANISCALCO en el papel de Spike, además de una aparición estelar del legendario CHARLES MARTINET, que lleva más de 30 años poniendo voz a nuestros heroicos fontaneros en los videojuegos de Mario.','1:32:00','Michael Jelenic, Aaron Horvath',TO_DATE('05/04/2023','DD/MM/YYYY'));
-- 65
INSERT INTO CAT_AUDIOVISUAL VALUES ('P_009','65','Acción, aventura y drama. Después de un catastrófico accidente en un planeta desconocido, el piloto Mills descubre rápidamente que realmente está varado en la Tierra… hace 65 millones de años. Ahora, con solo una oportunidad de rescate, Mills y la otra única superviviente, Koa, deberán abrirse camino a través del desconocido territorio plagado con peligrosas criaturas prehistóricas en una épica lucha por sobrevivir.','1:32:00','Scott Beck, Bryan Woods',TO_DATE('24/03/2023','DD/MM/YYYY'));
-- Dungeons and Dragons: Honor entre ladrones
INSERT INTO CAT_AUDIOVISUAL VALUES ('P_010','Dungeons and Dragons: Honor entre ladrones','Acción, aventura y fantasía. Un ladrón encantador y una banda de aventureros increíbles emprenden un atraco épico para recuperar una reliquia perdida, pero las cosas salen rematadamente mal cuando se topan con las personas equivocadas.','2:14:00','John Francis Daley y Jonathan Goldstein',TO_DATE('06/01/2023','DD/MM/YYYY'));
-- El exorcista del papa
INSERT INTO CAT_AUDIOVISUAL VALUES ('P_011','El exorcista del papa','Terror y thriller. Película sobre Gabriele Amorth, un sacerdote que ejerció como exorcista principal del Vaticano, realizando más de 100000 exorcismos a lo largo de su vida. Amorth escribió dos libros de memorias donde detalló sus experiencias luchando contra Satanás.','1:43:00','Julius Avery',TO_DATE('05/04/2023','DD/MM/YYYY'));
-- Fast & Furious X
INSERT INTO CAT_AUDIOVISUAL VALUES ('P_012','Fast and Furious X','Acción y thriller. Durante numerosas misiones más que imposibles, Dom Toretto y su familia han sido capaces de ser más listos, de tener más valor y de ir más rápido que cualquier enemigo que se cruzara con ellos. Pero ahora tendrán que enfrentarse al oponente más letal que jamás hayan conocido: un terrible peligro que resurge del pasado, que se mueve por una sangrienta sed de venganza y que está dispuesto a destrozar a la familia y destruir para siempre todo lo que a Dom le importa. En "Fast and Furious 5", Dom y su equipo derrotaron al notorio rey brasileño de la droga, Hernán Reyes, y acabaron con su imperio en un puente de Río de Janeiro. Pero no saben que Dante, el hijo de Reyes, lo vio todo y ha pasado los últimos doce años planeando cómo hacérselo pagar a Dom. El complot de Dante desperdigará a la familia de Dom desde Los Ángeles hasta las catacumbas de Roma, de Brasil a Londres, y de Portugal a la Antártida. Aparecerán nuevos aliados y reaparecerán viejos enemigos. Pero todo cambiará cuando Dom descubra que su hijo de ocho años es el objetivo escogido por Dante para saciar su sed de venganza.','2:09:00','Louis Leterrier',TO_DATE('19/05/2023','DD/MM/YYYY'));
-- El gato con botas: El último deseo
INSERT INTO CAT_AUDIOVISUAL VALUES ('P_013','El gato con botas: El último deseo','Comedia, aventura y animación. Secuela de "El gato con botas" (2011). El Gato con Botas descubre que su pasión por la aventura le ha pasado factura: ha consumido ocho de sus nueve vidas, por ello emprende un viaje épico para encontrar el mítico Último Deseo y restaurar sus nueve vidas...','1:42:00','Joel Crawford y Januel Mercado',TO_DATE('21/12/2022','DD/MM/YYYY'));
-- John Wick 4
INSERT INTO CAT_AUDIOVISUAL VALUES ('P_014','John Wick 4','Acción y thriller. John Wick, legendario asesino retirado, vuelve de nuevo a la acción impulsado por una incontrolable búsqueda de venganza. Al tener que luchar contra asesinos sedientos de sangre que le persiguen, John tendrá que llevar sus habilidades al límite si quiere salir esta vez con vida.','2:49:00','Chad Stahelski',TO_DATE('24/03/2023','DD/MM/YYYY'));
-- Mari(dos)
INSERT INTO CAT_AUDIOVISUAL VALUES ('P_015','Mari(dos)','Comedia. Toni y Emilio reciben la misma trágica llamada: sus mujeres están en coma tras un alud en una estación de esquí. Cuando se presentan en el mostrador de admisiones del hospital de montaña hacen un sorprendente descubrimiento: sus mujeres son, en realidad, la misma persona, Laura. Durante años, Laura ha llevado en secreto vidas paralelas, una salvaje montaña rusa a caballo entre sus dos familias. Obligados a convivir hasta que Laura despierte y pueda ser trasladada, Emilio y Toni luchan por demostrar quién de los dos es el único y auténtico marido.','1:42:00','Lucía Alemany',TO_DATE('10/03/2023','DD/MM/YYYY'));


-- INSERCIONES DE LAS SERIES
--La Maravillosa Sra.Maisel
INSERT INTO CAT_AUDIOVISUAL VALUES ('S_01','La Maravillosa Sra.Maisel','Comedia dramática.Manhattan, año 1958. Miriam Midge Maisel (Rachel Brosnahan) es una mujer de la alta sociedad judía neoyorquina cuya vida como esposa y madre da un giro inesperado cuando, tras ser abandonada por su marido, descubre un talento desconocido para la comedia. Midge cambiará entonces su cómoda existencia en el Upper West Side para hacer monólogos.','57 min','Rachel Brosnahan, Alex Borstein, Tony Shalhoub, Marin Hinkle, Michael Zegen, Kevin Pollak, Gilbert Gottfried, Luke Kirby, Jane Lynch, Sterling K. Brown.',TO_DATE('25/04/2023','DD/MM/YYYY'));
-- The Office
INSERT INTO CAT_AUDIOVISUAL VALUES ('S_02','The Office','Comedia. Esta exitosa comedia narra las locuras de unos oficinistas descontentos, liderados por el incompetente jefe Michael Scott, en la empresa de venta de papel Dunder Mifflin.','24 min.','Steve Carell, Rainn Wilson, John Krasinski, Jenna Fischer, Ed Helms, B.J. Novak, Ellie Kemper, Leslie David Baker, Brian Baumgartner, Angela Kinsey.',TO_DATE('25/04/2023','DD/MM/YYYY'));
-- Dos Chicas Sin Blanca
INSERT INTO CAT_AUDIOVISUAL VALUES ('S_03','Dos Chicas Sin Blanca','Comedia.  En Nueva York, Caroline, una joven de familia rica que está pasando una mala racha, se ve obligada a empezar a trabajar como camarera en el restaurante de Brooklyn en que también trabaja Max, una chica de clase trabajadora. Las dos jóvenes, muy diferentes entre sí, empezarán a compartir piso a la vez que forjan su sueño de montar su propio restaurante con el que hacer fortuna, para lo cual antes necesitarán conseguir 25.000 dólares para hacerlo realidad. En el restaurante también trabajan con ellas su jefe Han Lee, Oleg el cocinero, y Earl, el cajero.','20 min.','Kat Dennings, Beth Behrs, Garrett Morris, Jonathan Kite, Matthew Moy, Nick Zano.',TO_DATE('25/04/2023','DD/MM/YYYY'));
-- And _Just like That
INSERT INTO CAT_AUDIOVISUAL VALUES ('S_04','And Just Like That','Romance comedia. Secuela de la aclamada "Sex and the City" (1998-2004) en formato miniserie y ambientada en la actualidad. Sin el personaje de Samantha (Kim Cattrall), la serie sigue a las neoyorquinas Carrie, Miranda y Charlotte mientras navegan por el viaje desde la complicada realidad de la vida y la amistad de los 30 hasta la realidad aún más complicada de la vida y la amistad a los 50.','45 min.','Sarah Jessica Parker, Kristin Davis, Cynthia Nixon, Sara Ramirez, Chris Noth, Karen Pittman, Sarita Choudhury, Nicole Ari Parker, John Corbett, Mario Cantone.',TO_DATE('25/04/2023','DD/MM/YYYY'));
-- Superstore
INSERT INTO CAT_AUDIOVISUAL VALUES ('S_05','Superstore','Comedia. Una mirada a la vida de los empleados de unos grandes almacenes.','30 min.','America Ferrera, Ben Feldman, Lauren Ash, Mark McKinney, Colton Dunn, Kaliko Kauahi, Nico Santos, Linda Porter, Nichole Bloom, Christopher Riordan.',TO_DATE('25/04/2023','DD/MM/YYYY'));
-- Friends
INSERT INTO CAT_AUDIOVISUAL VALUES ('S_06','Friends','Comedia. "Friends" narra las aventuras y desventuras de seis jóvenes de Nueva York. Rachel (Jennifer Aniston), Monica (Courteney Cox), Phoebe (Lisa Kudrow), Ross (David Schwimmer), Chandler (Matthew Perry) y Joey (Matt LeBlanc) forman una unida pandilla de amigos que viven en Manhattan y que suelen reunirse en sus apartamentos o en su bar habitual, el Central Perk. A pesar de los numerosos cambios que se producen en sus vidas, su amistad es inquebrantable en la dura batalla por salir adelante en sus periplos profesionales y personales.','20 min.','Jennifer Aniston, Courteney Cox, Lisa Kudrow, Matt LeBlanc, Matthew Perry, David Schwimmer., .',TO_DATE('25/04/2023','DD/MM/YYYY'));
-- Stranger Things
INSERT INTO CAT_AUDIOVISUAL VALUES ('S_07','Stranger Things','Thriller, terror, fantástico, drama. Homenaje a los clásicos misterios sobrenaturales de los años 80, "Stranger Things" es la historia de un niño que desaparece en el pequeño pueblo de Hawkins, Indiana, sin dejar rastro en 1983. En su búsqueda desesperada, tanto sus amigos y familiares como el sheriff local se ven envueltos en un enigma extraordinario: experimentos ultrasecretos, fuerzas paranormales terroríficas y una niña muy, muy rara...','50 min.','Winona Ryder, David Harbour, Matthew Modine, Finn Wolfhard, Millie Bobby Brown, Gaten Matarazzo, Caleb McLaughlin, Natalia Dyer, Charlie Heaton, Noah Schnapp,',TO_DATE('25/04/2023','DD/MM/YYYY'));
--Crónicas Vampíricas
INSERT INTO CAT_AUDIOVISUAL VALUES ('S_08','Crónicas Vampíricas','Drama, terror. Siguiendo la estela de “Crepúsculo” y "True Blood", narra la historia de una adolescente que se enamora de dos hermanos vampiros (uno bueno y otro malo), que se disputan el alma de la chica y la de sus amigos y familiares.','40 min.','Ian Somerhalder, Nina Dobrev, Paul Wesley, Candice Accola, Kat Graham, Michael Trevino, Kayla Ewell, Steven R. McQueen, Matthew Davis, Sara Canning.',TO_DATE('25/04/2023','DD/MM/YYYY'));
--The Last of Us
INSERT INTO CAT_AUDIOVISUAL VALUES ('S_09','The Last Of Us','Terror, drama, ciencia ficción, thriller, acción. Veinte años después de la destrucción de la civilización moderna a causa de un hongo -el cordyceps- que se adueña del cuerpo de los humanos, uno de los supervivientes, Joel, recibe el encargo de sacar a la joven Ellie de una opresiva zona de cuarentena. Juntos cruzan Estados Unidos ayudándose mutuamente para intentar sobrevivir... Adaptación del aclamado videojuego homónimo de Naughty Dog.','50 min.','Pedro Pascal, Bella Ramsey, Anna Torv, Gabriel Luna, Merle Dandridge, Storm Reid, Melanie Lynskey, Scott Shepherd, John Hannah, Nico Parker.',TO_DATE('25/04/2023','DD/MM/YYYY'));
-- The Mandalorian
INSERT INTO CAT_AUDIOVISUAL VALUES ('S_10','The Mandalorian','Ciencia ficción, aventuras, acción. Ambientada tras la caída del Imperio y antes de la aparición de la Primera Orden, la serie sigue los pasos de Mando, un cazarrecompensas perteneciente a la legendaria tribu de los mandalorianos, un pistolero solitario que trabaja en los confines de la galaxia, donde no alcanza la autoridad de la Nueva República.' ,'40 min.','Pedro Pascal, Gina Carano, Carl Weathers, Werner Herzog, Nick Nolte, Emily Swallow, Omid Abtahi, Kyle Pacek, Brendan Wayne, Giancarlo Esposito.',TO_DATE('25/04/2023','DD/MM/YYYY'));
-- Alice in Borderland
INSERT INTO CAT_AUDIOVISUAL VALUES ('S_11','Alice in Borderland','Ciencia ficción, fantástico, thriller.  Un joven obsesionado con los videojuegos y dos amigos suyos se ven atrapados en una extraña versión de Tokio donde deberán competir en peligrosos juegos para sobrevivir.','50 min.','Kento Yamazaki, Tao Tsuchiya, Nijiro Murakami, Yûki Morinaga, Keita Machida, Ayaka Miyoshi, Dôri Sakurada, Aya Asahina, Shuntarô Yanagi, Yûtarô Watanabe.',TO_DATE('25/04/2023','DD/MM/YYYY'));
-- Emily en París
INSERT INTO CAT_AUDIOVISUAL VALUES ('S_12','Emily en París','Romance, comedia. Emily, una estadounidense de veintitantos años del Medio Oeste, se muda a París para una oportunidad de trabajo inesperada, encargada de llevar el punto de vista estadounidense a una venerable empresa de marketing francesa. Las culturas chocan mientras se adapta a los desafíos de la vida en una ciudad extranjera, al tiempo que hace malabarismos con su carrera, sus nuevas amistades y su vida amorosa.','30 min.','Lily Collins, Samuel Arnold, Lucas Bravo, Philippine Leroy-Beaulieu, Ashley Park, Camille Razat, Kate Walsh.',TO_DATE('25/04/2023','DD/MM/YYYY'));
-- The Americans
INSERT INTO CAT_AUDIOVISUAL VALUES ('S_13','The Americans','Thriller, drama.  Drama de época cuyos protagonistas son un matrimonio de espías del KGB que, en los años 80, viven cerca de Washington DC y se hacen pasar por estadounidenses. Phillip y Elizabeth Jennings tienen dos hijos que no saben nada sobre la verdadera identidad de sus padres. Tendrán que afrontar situaciones muy difícles debido al recrudecimiento de la Guerra Fría durante la presidencia de Ronald Reagan. Otro problema no menor es la creciente afinidad que siente Phillip por el modo de vida americano.','45 min.','Keri Russell, Matthew Rhys, Holly Taylor, Keidrich Sellati.',TO_DATE('25/04/2023','DD/MM/YYYY'));
-- TheBoys
INSERT INTO CAT_AUDIOVISUAL VALUES ('S_14','The Boys','Fantástico, acción, drama, comedia. La serie tiene lugar en un mundo en el que los superhéroes representan el lado oscuro de la celebridad y la fama. Un grupo de vigilantes que se hacen llamar "The Boys" decide hacer todo lo posible por frenar a los superhéroes que están perjudicando a la sociedad, independientemente de los riesgos que ello conlleva. ','60 min','Karl Urban, Jack Quaid, Antony Starr, Erin Moriarty, Elisabeth Shue, Laz Alonso, Tomer Kapon, Chace Crawford, Jessie T. Usher, Dominique McElligott.',TO_DATE('25/04/2023','DD/MM/YYYY'));
-- The Man in High Castle
INSERT INTO CAT_AUDIOVISUAL VALUES ('S_15','The Man in the High Castle','Ciencia ficción, thriller. Adaptación de la novela homónima de Philip K. Dick "El hombre en el castillo". Las fuerzas del Eje (Alemania y Japón) ganaron la II Guerra Mundial y ahora Estados Unidos está dividida en tres partes. Joe Blake, un luchador de la resistencia, parte de la Nueva York alemana con un misterioso cargamento hacia la zona neutral de Colorado. Por su parte, en la San Francisco japonesa, Juliana Crane recibe de manos de su hermana unas filmaciones que muestran una realidad alternativa en la que los aliados ganan la guerra.','60 min.','Luke Kleintank, Arnold Chun, Alexa Davalos, Bernhard Forcher, Joel de la Fuente, Rupert Evans, Lee Shorten.',TO_DATE('25/04/2023','DD/MM/YYYY'));


-- =============================================================================================================

CREATE TABLE CONTIENEN_ZS_S
(
ID_MEMBRESIAS NUMBER,
ID_CAT_AUDIOVISUAL VARCHAR2(5),
CONSTRAINT PK_CONTIENEN_ZS_S PRIMARY KEY (ID_CAT_AUDIOVISUAL,ID_MEMBRESIAS),
CONSTRAINT FK_ID_CAT_AUDIOVISUAL_ZS_S FOREIGN KEY (ID_CAT_AUDIOVISUAL) REFERENCES CAT_AUDIOVISUAL (ID_CAT_AUDIOVISUAL),
CONSTRAINT FK_ID_MEMBRESIAS_ZS_S FOREIGN KEY (ID_MEMBRESIAS) REFERENCES MEMBRESIAS (ID_MEMBRESIAS)
);

-- INSERTADO CONTIENEN_ZS_S
INSERT INTO CONTIENEN_ZS_S VALUES (2,'S_01');
INSERT INTO CONTIENEN_ZS_S VALUES (2,'S_02');
INSERT INTO CONTIENEN_ZS_S VALUES (2,'S_03');
INSERT INTO CONTIENEN_ZS_S VALUES (2,'S_04');
INSERT INTO CONTIENEN_ZS_S VALUES (2,'S_05');
INSERT INTO CONTIENEN_ZS_S VALUES (2,'S_06');
INSERT INTO CONTIENEN_ZS_S VALUES (2,'S_07');
INSERT INTO CONTIENEN_ZS_S VALUES (2,'S_08');
INSERT INTO CONTIENEN_ZS_S VALUES (2,'S_09');
INSERT INTO CONTIENEN_ZS_S VALUES (2,'S_10');
INSERT INTO CONTIENEN_ZS_S VALUES (2,'S_11');
INSERT INTO CONTIENEN_ZS_S VALUES (2,'S_12');
INSERT INTO CONTIENEN_ZS_S VALUES (2,'S_13');
INSERT INTO CONTIENEN_ZS_S VALUES (2,'S_14');
INSERT INTO CONTIENEN_ZS_S VALUES (2,'S_15');

-- =============================================================================================================

CREATE TABLE CONTIENEN_RS_P
(
ID_MEMBRESIAS NUMBER,
ID_CAT_AUDIOVISUAL VARCHAR2(5),
CONSTRAINT PK_CONTIENEN_RS_P PRIMARY KEY (ID_CAT_AUDIOVISUAL,ID_MEMBRESIAS),
CONSTRAINT FK_ID_CAT_AUDIOVISUAL_RS_P FOREIGN KEY (ID_CAT_AUDIOVISUAL) REFERENCES CAT_AUDIOVISUAL (ID_CAT_AUDIOVISUAL),
CONSTRAINT FK_ID_MEMBRESIAS_RS_P FOREIGN KEY (ID_MEMBRESIAS) REFERENCES MEMBRESIAS (ID_MEMBRESIAS)
);

-- INSERTADO CONTIENEN_RS_P
INSERT INTO CONTIENEN_RS_P VALUES (3,'P_001');
INSERT INTO CONTIENEN_RS_P VALUES (3,'P_002');
INSERT INTO CONTIENEN_RS_P VALUES (4,'P_003');
INSERT INTO CONTIENEN_RS_P VALUES (3,'P_004');
INSERT INTO CONTIENEN_RS_P VALUES (3,'P_005');
INSERT INTO CONTIENEN_RS_P VALUES (3,'P_006');
INSERT INTO CONTIENEN_RS_P VALUES (3,'P_007');
INSERT INTO CONTIENEN_RS_P VALUES (3,'P_008');
INSERT INTO CONTIENEN_RS_P VALUES (3,'P_009');
INSERT INTO CONTIENEN_RS_P VALUES (3,'P_010');
INSERT INTO CONTIENEN_RS_P VALUES (3,'P_011');
INSERT INTO CONTIENEN_RS_P VALUES (3,'P_012');
INSERT INTO CONTIENEN_RS_P VALUES (3,'P_013');
INSERT INTO CONTIENEN_RS_P VALUES (3,'P_014');
INSERT INTO CONTIENEN_RS_P VALUES (3,'P_015');

-- =============================================================================================================

CREATE TABLE CONTIENEN_DP_C
(
ID_MEMBRESIAS NUMBER,
ID_CAT_AUDIOVISUAL VARCHAR2(5),
CONSTRAINT PK_CONTIENEN_DP_C PRIMARY KEY (ID_CAT_AUDIOVISUAL,ID_MEMBRESIAS),
CONSTRAINT FK_ID_MEMBRESIAS_DP_C FOREIGN KEY (ID_MEMBRESIAS) REFERENCES MEMBRESIAS (ID_MEMBRESIAS),
CONSTRAINT FK_ID_CAT_AUDIOVISUAL_DP_C FOREIGN KEY (ID_CAT_AUDIOVISUAL) REFERENCES CAT_AUDIOVISUAL (ID_CAT_AUDIOVISUAL)
);

-- INSERTADO CONTIENEN_DP_C
INSERT INTO CONTIENEN_DP_C VALUES (4,'P_001');
INSERT INTO CONTIENEN_DP_C VALUES (4,'P_002');
INSERT INTO CONTIENEN_DP_C VALUES (4,'P_003');
INSERT INTO CONTIENEN_DP_C VALUES (4,'P_004');
INSERT INTO CONTIENEN_DP_C VALUES (4,'P_005');
INSERT INTO CONTIENEN_DP_C VALUES (4,'P_006');
INSERT INTO CONTIENEN_DP_C VALUES (4,'P_007');
INSERT INTO CONTIENEN_DP_C VALUES (4,'P_008');
INSERT INTO CONTIENEN_DP_C VALUES (4,'P_009');
INSERT INTO CONTIENEN_DP_C VALUES (4,'P_010');
INSERT INTO CONTIENEN_DP_C VALUES (4,'P_011');
INSERT INTO CONTIENEN_DP_C VALUES (4,'P_012');
INSERT INTO CONTIENEN_DP_C VALUES (4,'P_013');
INSERT INTO CONTIENEN_DP_C VALUES (4,'P_014');
INSERT INTO CONTIENEN_DP_C VALUES (4,'P_015');

-- =============================================================================================================

CREATE TABLE SERIES
(
ID_CAT_AUDIOVISUAL VARCHAR2(5),
CONSTRAINT PK_ID_CAT_AUDIOVISUAL_SERIES PRIMARY KEY (ID_CAT_AUDIOVISUAL),
CONSTRAINT FK_ID_CAT_AUDIOVISUAL_SERIES FOREIGN KEY (ID_CAT_AUDIOVISUAL) REFERENCES CAT_AUDIOVISUAL (ID_CAT_AUDIOVISUAL) 
);

-- pruebas seires
-- INSERT INTO SERIES VALUES ('');

-- INSERCIONES DE SERIES
INSERT INTO SERIES VALUES ('S_01');
INSERT INTO SERIES VALUES ('S_02');
INSERT INTO SERIES VALUES ('S_03');
INSERT INTO SERIES VALUES ('S_04');
INSERT INTO SERIES VALUES ('S_05');
INSERT INTO SERIES VALUES ('S_06');
INSERT INTO SERIES VALUES ('S_07');
INSERT INTO SERIES VALUES ('S_08');
INSERT INTO SERIES VALUES ('S_09');
INSERT INTO SERIES VALUES ('S_10');
INSERT INTO SERIES VALUES ('S_11');
INSERT INTO SERIES VALUES ('S_12');
INSERT INTO SERIES VALUES ('S_13');
INSERT INTO SERIES VALUES ('S_14');
INSERT INTO SERIES VALUES ('S_15');

-- =============================================================================================================

CREATE TABLE PELICULAS
(
ID_CAT_AUDIOVISUAL VARCHAR2(5),
CONSTRAINT PK_ID_CAT_AUDIOVISUAL_PELI PRIMARY KEY (ID_CAT_AUDIOVISUAL),
CONSTRAINT FK_ID_CAT_AUDIOVISUAL_PELI FOREIGN KEY (ID_CAT_AUDIOVISUAL) REFERENCES CAT_AUDIOVISUAL (ID_CAT_AUDIOVISUAL)
);

-- INSERCIÓN DE LAS PELÍCULAS
INSERT INTO PELICULAS VALUES ('P_001');
INSERT INTO PELICULAS VALUES ('P_002');
INSERT INTO PELICULAS VALUES ('P_003');
INSERT INTO PELICULAS VALUES ('P_004');
INSERT INTO PELICULAS VALUES ('P_005');
INSERT INTO PELICULAS VALUES ('P_006');
INSERT INTO PELICULAS VALUES ('P_007');
INSERT INTO PELICULAS VALUES ('P_008');
INSERT INTO PELICULAS VALUES ('P_009');
INSERT INTO PELICULAS VALUES ('P_010');
INSERT INTO PELICULAS VALUES ('P_011');
INSERT INTO PELICULAS VALUES ('P_012');
INSERT INTO PELICULAS VALUES ('P_013');
INSERT INTO PELICULAS VALUES ('P_014');
INSERT INTO PELICULAS VALUES ('P_015');

-- =============================================================================================================

CREATE TABLE TEMPORADAS
(
ID_N_TEMPORADA NUMBER,
DESCRIPCION VARCHAR2(1000) NOT NULL,
ID_CAT_AUDIOVISUAL VARCHAR2(5),
CONSTRAINT PK_ID_N_TEMPORADA PRIMARY KEY (ID_N_TEMPORADA,ID_CAT_AUDIOVISUAL),
CONSTRAINT FK_ID_CAT_AUDIOVISUAL_TEMP FOREIGN KEY (ID_CAT_AUDIOVISUAL) REFERENCES CAT_AUDIOVISUAL (ID_CAT_AUDIOVISUAL) 
);

-- La Maravillosa Sra.Maisel
INSERT INTO TEMPORADAS VALUES (1,'En la Nueva York de 1958, Midge Maisel vive feliz con su marido, sus hijos y sus cenas de Yom Kipur en su piso del Upper West Side. Pero cuando su vida da un giro inesperado, debe decidir rápidamente qué se le da bien, y pasar de ama de casa a humorista es un disparate para todos menos para ella. La maravillosa Sra. Maisel está escrita y dirigida por Amy-Sherman-Palladino (Las chicas Gilmore).','S_01');
INSERT INTO TEMPORADAS VALUES (2,'Tras el triunfo de Midge en el Gaslight, haber bajado los humos a Sophie Lennon dificulta más que nunca sus posibilidades de triunfar como estrella de la comedia. Midge empieza a sentir los efectos de su trabajo como cómica y le pesa la presión de tener que contárselo a su familia, sobre todo porque sus actos afectan de alguna manera a todos los que la rodean.','S_01');
INSERT INTO TEMPORADAS VALUES (3,'Midge y Susie descubren que estando de gira con Shy la vida es glamurosa, pero te hace más humilde, y aprenden una lección sobre el mundo del espectáculo que nunca olvidarán. Joel trata de apoyar a Midge mientras persigue sus propios sueños. Abe se embarca en una nueva misión y Rose descubre que ella también tiene talentos.','S_01');
-- The Office
INSERT INTO TEMPORADAS VALUES (1,'En la primera temporada, Michael Scott (Steve Carell), gerente regional de Dunder Mifflin, guiará al equipo que rueda el documental y a sus empleados a través de comportamientos inapropiados, comentarios bienintencionados pero descaminados y una miríada de nefastas técnicas de dirección.','S_02');
INSERT INTO TEMPORADAS VALUES (2,'La segunda temporada de esta alabada comedia sigue el día a día de Michael Scott (Steve Carell, "Virgen a los 40"), gerente regional de Dunder Mifflin, y sus ambivalentes empleados.','S_02');
INSERT INTO TEMPORADAS VALUES (3,'La tercera temporada ficha entrada con el inesperado traslado de Jim Halpert a la filial de Stamford, pero ¿fichará salida con el cierre de Scranton?','S_02');
-- Dos Chicas Sin Blanca
INSERT INTO TEMPORADAS VALUES (1,'Muchas chicas jóvenes se mudan a la ciudad de Nueva York para "triunfar". Max y Caroline solo están tratando de pagar el alquiler. En esta serie de comedia, dos chicas de orígenes muy diferentes terminan como camareras en el mismo restaurante colorido de Brooklyn.','S_03');
INSERT INTO TEMPORADAS VALUES (2,'Una serie de comedia divertida, escandalosa y ganadora de un Emmy® sobre la improbable amistad que se desarrolla entre dos mujeres jóvenes muy diferentes que trabajan como camareras en un restaurante colorido en Brooklyn, Nueva York, quienes forman un vínculo por su sueño de algún día poseer un exitoso negocio de cupcakes. Solo una cosa se interpone en su camino: están arruinados.','S_03');
INSERT INTO TEMPORADAS VALUES (3,'Kat Dennings y Beth Behrs protagonizan esta serie cómica como nuevas mejores amigas que se conocen cuando trabajan en el mismo restaurante en Brooklyn, donde demostrarán que la vida puede ser divertida... incluso si estás en quiebra.','S_03');
-- And Just Like That
INSERT INTO TEMPORADAS VALUES (1,'Esta nueva entrega de Sexo en Nueva York sigue a Carrie (Sarah Jessica Parker), Miranda (Cynthia Nixon) y Charlotte (Kristin Davis) en su viaje desde la complicada realidad de la vida y la amistad a los 30 años, hasta la aún más complicada realidad de la vida y la amistad a los 50 años.','S_04');
-- Superstore
INSERT INTO TEMPORADAS VALUES (1,'Se trata de una comedia, grabada con una sola cámara, que gira en torno a un grupo de empleados que trabaja en una gran tienda de almacenaje. Mediante sus relaciones se examina el amor, la amistad, y la belleza de los pequeños momentos.','S_05');
INSERT INTO TEMPORADAS VALUES (2,'La temporada comienza con los empleados del Cloud 9 en huelga después del despido injustificado de Gleen. La situación termina cuando el joven recupera su trabajo, pero tendrá que asumir que en la tienda se venden productos que no son bien vistas por sus creencias religiosas. Por otro lado, Johan comienza a cuestionarse sus ideales anti armas cuando se le asigna a encargarse del puesto de venta de armas. Amy tendrá una situación incómoda cuando Glenn decide contratar a su esposo Adam para ayudarles en la campaña navideña. Después de dar a luz a su primera hija. Cheyenne decide dar el siguiente paso con Bo Thompson.','S_05');
INSERT INTO TEMPORADAS VALUES (3,'El almacén abre después de su remodelación lo que es un gran evento para todos sus empleados. Amy y Johan tienen un momento romántico, pero ella decide no comenzar nada hasta que logré superar su divorcio con Adam. La situación se complica más cuando su hija Emma comienza a trabajar en Cloud 9 y le preocupa que el trabajo la pueda distraer de sus estudios y no pueda ingresar a la universidad como le ocurrió a ella. Cheyenne tiene una gran discusión con su madre Brandi, una exconvicta, donde Amy termina involucrada. Por otro lado, Kelly y Jonah planean irse a vivir juntos para compartir gastos.','S_05');
-- Friends
INSERT INTO TEMPORADAS VALUES (1,'La primera temporada presenta a los seis personajes principales: Rachel, Monica, Phoebe, Joey, Chandler y Ross. Rachel llega a Nueva York después de dejar a su prometido en el altar, y comienza a vivir con Monica en su apartamento. Ross continuamente intenta decirle a Rachel que la ama, mientras que su esposa lesbiana, Carol, está embarazada con su hijo. Joey es mostrado siendo un actor que lucha, mientras que Phoebe trabaja como masajista. Chandler termina con su novia Janice (Maggie Wheeler), con quien frecuentemente regresa en temporadas posteriores. Al final de la temporada, Chandler accidentalmente revela que Ross ama a Rachel, quien descubre que siente lo mismo.','S_06');
INSERT INTO TEMPORADAS VALUES (2,'La segunda temporada comienza con Rachel descubriendo que Ross está saliendo con Julie (Lauren Tom), alguien que él conocía de la escuela de posgrado. Los intentos de Rachel para decirle a Ross que le gusta fallan en esta temporada, más adelante Ross se entera de los sentieminetos de rachel por lo que decide cortar con julie y Ross y Rachel inician una relación. Joey obtiene un papel en una versión ficticia de una telenovela llamada Days of our Lives, pero su personaje es asesinado después de que él dijo que escribía muchas de sus propias líneas. Monica comienza a salir con Richard (Tom Selleck), que está recientemente divorciado y 21 años mayor que ella. En el final de temporada, Monica y Richard terminan su relación cuando se dan cuenta de que, a diferencia de Monica, Richard no desea tener hijos y Chandler retoma su relación con Janice.','S_06');
INSERT INTO TEMPORADAS VALUES (3,'La tercera temporada tiene un formato mucho mayor. Rachel comienza a trabajar en Bloomingdales, una cadena de tiendas por departamentos de lujo, y Ross se pone celoso de su compañero, Mark. Ross y Rachel deciden tomarse un descanso; sin embargo Ross, dolido y borracho, se acuesta con alguien, causando que Rachel termine con él. Después de que Ross va a una cita a ciegas que organiza Phoebe con una hermosa mujer llamada Bonnie, Rachel instantáneamente se pone celosa, teniendo como resultado que Bonnie se afeite la cabeza y admitiéndole esto a Ross, obligando a Ross a elegir entre Bonnie y Rachel. Después de creer que ella no tiene familia excepto su hermana gemela Ursula (Lisa Kudrow), Phoebe conoce a su medio hermano (Giovani Ribisi) y a su madre biológica (Teri Garr). Chandler termina con Janice luego de que esta se de cuenta que no ha olvidado a su marido.','S_06');
-- Stranger Things
INSERT INTO TEMPORADAS VALUES (1,'Esta exitosa serie inicia el 6 de noviembre de 1983, en la ciudad de Hawkins, Indiana. Will Byers, un niño de 12 años de edad, tras pasar 10 horas jugando Calabozos y Dragones con sus amigos Mike Wheeler, Dustin Henderson y Lucas Sinclair, desaparece misteriosamente tras regresar a casa. Al día siguiente su hermano Jonathan Byers y su madre Joyce Byers, se dan cuenta de que no está en casa. Desesperados, comienzan la búsqueda de Will. Mientras tanto, una niña con aspecto extraño y habilidades extrañas aparece en una cafetería de la localidad. Pero en el desarrollo de la búsqueda, descubrirán sus amigos y familiares que no solo tendrán que enfrentarse a una organización extraña, sino a siniestras fuerzas que planean devorar todo lo que esté a su paso.','S_07');
INSERT INTO TEMPORADAS VALUES (2,'Otoño de 1984. Con Once aparentemente desaparecida, Joyce y Hopper, junto con Nancy, Jonathan y Steve, así como también Mike, Dustin y Lucas, en compañía con la recién llegada californiana Max, deberán unir sus fuerzas para ayudar nuevamente a Will después de que se convierte en el objetivo del Otro Lado cuando una gran entidad con tentáculos, llamada el Desuellamentes, intenta habitar su cuerpo.','S_07');
INSERT INTO TEMPORADAS VALUES (3,'La tercera temporada se centra en un verano “típico” en Hawkins con el grupo de amigos intentando rehacer su vida cuando un descubrimiento de Dustin en una emisión de la radio pone en peligro las vidas de todos.','S_07');
INSERT INTO TEMPORADAS VALUES (4,'Han pasado ocho meses desde La Batalla de Starcourt, que trajo terror y destrucción a Hawkins. Nuestro grupo de amigos se separa por primera vez, y las complejidades del instituto no han facilitado las cosas. En este momento más vulnerable, surge una nueva y horrible amenaza sobrenatural que presenta un espantoso misterio que, si se resuelve, podría poner fin a los horrores del Upside Down.','S_07');
-- Crónicas Vampíricas
INSERT INTO TEMPORADAS VALUES (1,'Cuatro meses después del accidente que mató a sus padres, Elena Gilbert, una adolescente de 17 años, y su hermano Jeremy , siguen intentando salir adelante en sus vidas. El año escolar comienza y Elena queda fascinada con un nuevo, guapo y misterioso estudiante, Stefan Salvatore .','S_08');
INSERT INTO TEMPORADAS VALUES (2,'La segunda temporada se centra en la llegada de la Doppelganger de Elena, Katherine Pierce, y las razones del por qué regresó a Mystic Falls. Se introducen nuevas especies, y veremos al tio de Tyler, Mason Lockwood, regresar a la ciudad con un secreto sobre el linaje familiar. Se revela que Elena no es la única doppleganger, alguien cercano a ella es convertido en vampiro y una maldición que busca ser rota con un enemigo antiguo pone a todos en peligro intentando salvar la vida de Elena.','S_08');
INSERT INTO TEMPORADAS VALUES (3,'Se revela más información sobre Klaus y su familia, cuales son sus motivos por querer a Stefan de su lado, todo esto se dara a conocer durante la tercera temporada. Stefan apaga su humanidad, Damon y Elena luchan con la culpa de sus sentimientos mutuos que cada vez son mayores, mientras trabajan juntos para traer de regreso a Stefan. Caroline y Tyler se acercan aun más, provocando una guerra entre sus familias. Los fantasmas del pasado de Jeremy tienen un mensaje para el, y empiezan a afectar su relación con Bonnie.','S_08');
-- The Last of Us
INSERT INTO TEMPORADAS VALUES (1,'2003. El mundo está a punto de sumirse en el caos, cuando el hongo Cordyceps se expande infectando a gran parte de la población. Los infectados se convierten en criaturas caníbales que se alimentan de otros seres humanos. Veinte años después, los escasos supervivientes tratan de mantenerse dentro de las zonas de cuarentena para evitar cruzarse con los seres infectados que campan a sus anchas por las ruinas de las ciudades.','S_09');
-- The Mandalorian
INSERT INTO TEMPORADAS VALUES (1,'Un cazarrecompensas mandaloriano se ve en la misión de rescatar un pequeño de la misma raza que de Yoda para después matarlo. Pero este, al encontrarse con el pequeño, no lo cumple y se lo lleva. Baby Yoda y el mandaloriano, junto a IG-11, Kuiil, y Cara Dune se embarca en una serie de misiones con el fin de proteger al niño y salir sanos y salvos de todas las aventuras que les tiene preparada la galaxia y, sobre todo, proteger por encima de todas las cosas al niño.','S_10');
INSERT INTO TEMPORADAS VALUES (2,'El Mandaloriano y el Niño continúan su viaje, enfrentándose a enemigos y reuniendo aliados en su camino a través de una peligrosa galaxia en la tumultuosa era después del colapso del Imperio Galáctico.','S_10');
-- Alice in Bordeland
INSERT INTO TEMPORADAS VALUES (1,'La primera temporada de “Alice In Borderland” consta de ocho capítulos de aproximadamente 50 minutos cada uno y sigue a un fanático de los videojuegos y a sus dos amigos que aparecen en una realidad paralela de Tokio, donde deben superar una serie de sádicos juegos para mantenerse con vida.','S_11');
INSERT INTO TEMPORADAS VALUES (2,'Tras el emocionante final de la primera entrega, veremos a Arisu y Usagi intentando desentrañar los misterios de Borderland. En el lugar donde creen que se esconde la clave para descubrir dichos secretos, conocerán aliados, enemigos y a la mente maestra que está detrás de todo. Asimismo, Arisu y sus amigos se verán enfrentados a juegos que son mucho más difíciles y peligrosos que los de los primeros capítulos. Finalmente, en el camino, intentarán reunir las cartas que les faltan para volver al mundo real.','S_11');
-- Emily en París
INSERT INTO TEMPORADAS VALUES (1,'Tras aceptar el trabajo de sus sueños en París, Emily Cooper, ejecutiva de marketing de Chicago, estrena una vida de aventuras mientras compagina trabajo, amistad y amor. Ve todo lo que quieras.','S_12');
INSERT INTO TEMPORADAS VALUES (2,'Más diversión. Más moda. Más pifias. Mientras Emily encuentra su lugar en París, las consecuencias de una noche de pasión podrían meterla en un montón de líos.','S_12');
INSERT INTO TEMPORADAS VALUES (3,'Un año después de mudarse a París por trabajo, Emily está en una encrucijada profesional y sentimental que la obligará a tomar decisiones sobre su futuro.','S_12');
-- The Americans
INSERT INTO TEMPORADAS VALUES (1,'Philip y Elizabeth Jennings aparentan ser una pareja Americana promedio, viviendo en los suburbios de una tranquila ciudad. Casados por más de 20 años, ahora tienen dos hijos y administran una agencia de viajes. Todo parece ser común en la vida de estos ciudadanos, pero secretamente esconden una doble vida; en realidad ambos son espías encubiertos de la KGB, que fueron enviados a Estados Unidos 20 años atrás.','S_13');
INSERT INTO TEMPORADAS VALUES (2,'Esta nueva historia comienza mientras Elizabeth se recupera del disparo que sufrió en el final de la primera temporada y lo que provoca que los Jennings vuelven a sus actividades cotidianas. La mayor parte de esta nueva temporada se centra en la pareja tratando de robar información sobre tecnología secreta, ya sea tratando de adquirir planos submarinos nucleares, tratando de rescatar a un científico soviético, o apoderarse de un nuevo sistema para computadoras que se conoce con el nombre de Echo. A pesar de sus intentos por cumplir sus misiones con el mayor grado de éxito, algunas terminan con terribles resultados y perdidas importantes para los agentes.','S_13');
INSERT INTO TEMPORADAS VALUES (3,'Esta nueva temporada se centra principalmente en los Jennings tratando de mantener unos poderosos misiles, lejos de las manos del ejercito de Afganistán y los cuales iban a ser prestados al gobierno Americano para así poder pelear contra los Soviéticos. Los Jennings se las arreglan para sabotear el plan, utilizando a un agente Afgano y poniendo en contra de sus colegas, por lo que después de un sangriento encuentro en la habitación de un hotel, el intercambio de misiles es cancelado rápidamente. ','S_13');
INSERT INTO TEMPORADAS VALUES (4,'Los problemas continuan para los Jennings en esta temporada. Mientras el destino de Philip y Elizabeth se pone en riesgo debido a un error en el pasado de Paige, toda la familia debe de unirse aún más si es que quieren salir bien librados de este problema. Philip cada vez está más agotado de su trabajo como espía y sus convicciones se tambalean en todo momento, mientras su relación de trabajo con Marta se vuelve más complicada. ','S_13');
-- The Boys
INSERT INTO TEMPORADAS VALUES (1,'THE BOYS es un enfoque irreverente de lo que pasa cuando los superhéroes, tan famosos como las celebridades, tan influyentes como los políticos y tan venerados como los dioses, abusan de sus superpoderes en vez de utilizarlos para hacer el bien. Indefensos contra superpoderosos, esta serie se embarca en una heroica misión para revelar la verdad sobre "Los Siete" y el formidable apoyo de su Vought.','S_14');
INSERT INTO TEMPORADAS VALUES (2,'En la segunda temporada de THE BOYS, más intensa y al límite, Carnicero, Hughie y el equipo buscan levantar cabeza. Buscados por la justicia, intentan contraatacar a los súpers. Vought, la empresa de los superhéroes, ve caer sus acciones, por el pánico a los Supervillanos, mientras una nueva superheroína, Stormfront, revoluciona la compañía y pone a prueba a Patriota, ya bastante inestable.','S_14');
INSERT INTO TEMPORADAS VALUES (3,'Ha sido un año tranquilo. El Patriota está contenido y Carnicero trabaja para el gobierno bajo la supervisión de Hughie, nada menos. Pero los dos están deseando que la paz y la calma dejen paso a la sangre. Por eso, cuando el grupo se entera de que existe una superarma misteriosa, van directos a por los Siete, se ponen en pie de guerra y desempolvan la leyenda del primer superhéroe: Soldier Boy.','S_14');
-- The Man in the High Castle
INSERT INTO TEMPORADAS VALUES (1,'El Hombre en el Castillo, basada en la novela homónima de Philip K. Dick, y producida por Ridley Scott (Blade Runner) y Frank Spotnitz (The X-Files), nos cuenta lo que habría ocurrido si las potencias aliadas hubieran perdido la II Guerra Mundial y Japón y Alemania gobernaran los Estados Unidos. Con Rufus Sewell (John Adams), Luke Kleintank (Pretty Little Liars) y Alexa Davalos (Mob City).','S_15');
INSERT INTO TEMPORADAS VALUES (2,'Tras darle a Joe la película, Juliana debe huir de la ira de la Resistencia y tomar un nuevo rumbo para salvar su hogar de la destrucción. Joe se enfrenta a su padre perdido en Berlín, quien no es lo que parece. Smith lidia con lo que puede hacer con su hijo enfermo. Frank se juega la vida para salvar a Ed. La vida de Tagomi queda trastornada a causa de su “viaje” a un mundo alternativo.','S_15');
INSERT INTO TEMPORADAS VALUES (3,'Juliana destapa un peligroso plan nazi para la supremacía total. ¿Podrá convencer a los demás de ayudarla a evitarlo o ya es demasiado tarde? A pesar de que Himmler lo homenajea, Smith descubre que su familia sigue en peligro. Ante las represalias del Reich a los japoneses, las tensiones aumentan y Tagomi intenta negociar la paz. Kido, angustiado, busca a antiguos enemigos.','S_15');


-- =============================================================================================================

CREATE TABLE CAPITULOS
(
ID_CAPITULO NUMBER,
NOMBRE VARCHAR2 (70)NOT NULL,
DESCRIPCION VARCHAR2(1000) NOT NULL,
DURACION VARCHAR2(6) NOT NULL,
ID_N_TEMPORADA NUMBER,
ID_CAT_AUDIOVISUAL VARCHAR2(5),
CONSTRAINT PK_ID_CAP PRIMARY KEY (ID_CAPITULO,ID_N_TEMPORADA,ID_CAT_AUDIOVISUAL),
CONSTRAINT FK_ID_N_TEMPORADA_CAP FOREIGN KEY (ID_N_TEMPORADA,ID_CAT_AUDIOVISUAL) REFERENCES TEMPORADAS (ID_N_TEMPORADA,ID_CAT_AUDIOVISUAL)
);

-- S_01 T1
INSERT INTO CAPITULOS VALUES (1,'Piloto','Manhattan, 1958. Miriam "Midge" Maisel es una joven casada que parece tener todo lo que podría desear. Su marido, empeñado en hacerse un hueco en el mundo de la comedia, hace todo lo posible para conseguir su sueño a pesar de no tener un talento especial para ello. De forma drástica, la relación entre ambos cambia para siempre.','52:20',1,'S_01');
INSERT INTO CAPITULOS VALUES (2,'Ya Shivu v Bolshom Dome Na Kholme','La vida de Midge se desmorona con la partida de Joel. Los padres de ambos se enfrentan mientras luchan por unir la familia. Suzie insiste a Midge en que vuelva al escenario y encuentre su voz.','53:35',1,'S_01');
INSERT INTO CAPITULOS VALUES (3,'Porque te fuiste','Después de otro arresto, Midge se ve inmersa en un problema legal que la fuerza a apoyarse en Susie. Abe le hace una propuesta muy interesante a Moishe mientras Bruce ofrece una fuente de inspiración poco común.','50:01',1,'S_01');
INSERT INTO CAPITULOS VALUES (4,'La decepción de las Quintillizas Dionne','Midge empieza a seguir adelante con su vida que una vez fue perfecta. Susie le muestra a Midge la realidad de los clubes de comedia de Nueva York. Rose disfruta demasiado con los nuevos cambios en la vida de Midge.','54:40',1,'S_01');
INSERT INTO CAPITULOS VALUES (5,'Doink','Midge se lanza a una nueva profesión y hace amigos peculiares en el camino. Susie continúa con su enérgica búsqueda para que la carrera de Midge siga adelante, pero se dará de bruces con algunos contratiempos. Tanto Midge como Joel experimentan los inconvenientes de sus nuevos estilos de vida.','52:25',1,'S_01');
INSERT INTO CAPITULOS VALUES (6,'La Sra. X en el Gaslight','Midge encuentra un tipo de público distinto para el que actuar, muy a pesar de Susie. Abe recibe una oferta de una experiencia única en la vida. Los Weissmans acuden juntos a una cena familiar. Susie por fin muestra sus dotes de gestión.','49:55',1,'S_01');
INSERT INTO CAPITULOS VALUES (7,'¡Lidia con ello!','Gracias a la ayuda de Susie, Midge consigue actuar en el Gaslight. Abe sorprende a las mujeres con un invitado a la cena, lo que hace que Rose entre en una espiral emocional. En su lucha por un ascenso, Joel idea un nuevo plan. Midge suscita una polémica tras reunirse con un gran humorista.','51:50',1,'S_01');
INSERT INTO CAPITULOS VALUES (8,'Gracias y buenas noches ','En el capítulo final de la primera temporada, Midge y Susie se enfrentan a las repercusiones de salirse del guion de un conocido humorista. En el hogar de los Weissman las tensiones siguen a flor de piel y Rose hará algunos cambios drásticos. Midge y Joel se reencuentran en la fiesta de cumpleaños de Ethan.','51:25',1,'S_01');
-- S_01 T2
INSERT INTO CAPITULOS VALUES (1,'Simone','Midge actúa para una audiencia extranjera mientras Susie siente lo que es tener una mala reputación de primera mano. Abe y Rose se sienten fuera de lugar mientras Joel intenta juntar a todos tras dejar su trabajo.','52:20',2,'S_01');
INSERT INTO CAPITULOS VALUES (2,'A mitad camino del centro','La culpa presiona a Midge y siente una necesidad de contar su secreto a su familia y amigos. Mientras, su carrera sigue viento en popa gracias a la ayuda de Susie.','53:35',2,'S_01');
INSERT INTO CAPITULOS VALUES (3,'La sala de castigos','El gran día de Mary se acerca y Midge le ayuda con todas sus habilidades de planificación. Rose se siente incómoda fuera de su zona de confort mientras está en unas audiciones.','50:01',2,'S_01');
INSERT INTO CAPITULOS VALUES (4,'¡Nos vamos a los Catskills!','Los Weissman llegan a los Catskills para disfrutar de sus vacaciones de verano, e intentan adaptarse a los modelos familiares. Los chismes sobre la separación de Midge y Joel hacen que Rose meta presión a la vida amorosa de su hija. Susie debe ajustar sus planes para el verano, esforzándose por mantener el buen momento en la carrera de Midge.','54:40',2,'S_01');
INSERT INTO CAPITULOS VALUES (5,'Medianoche en el Concord','La temporada de verano en el Parador de Montaña Steiner continúa, mientras Moishe y Shirley se unen al grupo, perturbando la tranquilidad de Abe. Susie intenta alejar a un nuevo amigo, mientras intenta pasar desapercibida en el parador. Midge aprovecha una oportunidad para redimirse en B. Altman.','52:25',2,'S_01');
INSERT INTO CAPITULOS VALUES (6,'Dejémonos llevar por la música y bailemos','Ahora que Abe conoce el secreto de Midge, las tensiones entre ambos son más intensas que nunca. El verano está llegando a su fin, con Susie completamente inmersa en su personaje de trabajadora de Steiner, y Joel planteándose su vida de soltero. Rose se aprovecha del frágil estado de Astrid para descubrir algo sorprendente de Noah.','49:55',2,'S_01');
INSERT INTO CAPITULOS VALUES (7,'Mira, ha hecho un gorrito','Benjamin le descubre a Midge el panorama artístico de Nueva York y ella termina por saber más sobre el arte de lo que imagina. Las familias Maisel y Weissman se reúnen para una cena llena de tensión en Yom Kippur, en el aniversario de la separación de Joel y Midge. Mientras tanto, Susie recurre reticente a su familia en busca de ayuda para avanzar en su carrera.','51:50',2,'S_01');
INSERT INTO CAPITULOS VALUES (8,'Vaya día…','Midge y Susie se preparan para su primer viaje por carretera y aprenden rápidamente que la dinámica de ir de gira es más complicada de lo que imaginaban. De vuelta en Nueva York, todo sigue como antes de irse, y ello obliga a Midge a plantearse si vale la pena sacrificar su vida hogareña por su nueva vida.','51:25',2,'S_01');
-- S_01 T3
INSERT INTO CAPITULOS VALUES (1,'Que empiece la fiesta','Midge participa en un espectáculo para las fuerzas armadas, antes de emprender la gira con Shy, mientras Susie se entera de los trucos para negociar contratos. Abe y Rose deben lidiar con su nueva situación financiera. Joel encuentra el lugar perfecto para su nuevo club, hasta que descubre que el sitio no es lo que parece.','52:20',3,'S_01');
INSERT INTO CAPITULOS VALUES (2,'¡Son los 60, amigo!','Midge se resiste a que Susie se haga cargo de otra clienta. Joel conoce a una chica misteriosa, Mei, tan desconcertante como interesante. Abe inicia un nuevo proyecto con un grupo de jóvenes beatniks. Midge y Joel se enfrentan a su divorcio.','53:35',3,'S_01');
INSERT INTO CAPITULOS VALUES (3,'Posado en bragas','Rose y Abe se mudan a una morada menos apacible. Midge se esfuerza por hacer triunfar su actuación mientras se inicia la gira de Shy. Entre Joel y Mei salta la chispa y conectan.','50:01',3,'S_01');
INSERT INTO CAPITULOS VALUES (4,'¡Esas manos!','Joel visita a Midge en Las Vegas. Rose y Abe se esfuerzan por adaptarse a su nueva vida. Susie obtiene una gran victoria para su nueva clienta.','54:40',3,'S_01');
INSERT INTO CAPITULOS VALUES (5,'O comedia o repollo','Midge se encuentra con un viejo amigo en Miami. Abe se siente frustrado con sus amigos beatnik, al tiempo que Rose llega a un punto insostenible con Shirley.','52:25',3,'S_01');
INSERT INTO CAPITULOS VALUES (6,'Una cierta tristeza','Abe y Rose se dan un respiro de su vida en Queens mientras visitan a Midge. Joel y Mei se pelean por una licencia para servir bebidas alcohólicas en el bar. Midge ayuda a Shy a salir de un aprieto.','49:55',3,'S_01');
INSERT INTO CAPITULOS VALUES (7,'La maravillosa radio','Midge y Susie regresan a Nueva York y se afanan en buscar trabajos. Abe está eufórico cuando alguien publica un artículo escrito por él. Los Maisel se reúnen para la circuncisión del bebé de Astrid.','51:50',3,'S_01');
INSERT INTO CAPITULOS VALUES (8,'Una chica judía entra en el Apollo…','Joel prepara la gran inauguración de su club. Midge le pide un favor a Moishe. Susie sufre una pérdida y acude a un recurso inesperado en busca de ayuda. Midge aprende una dura lección del mundo del espectáculo.','51:25',3,'S_01');

-- The Office
-- S_02 T1
INSERT INTO CAPITULOS VALUES (1,'Piloto','Un equipo documental llega a la oficina de Dunder Mifflin para ver a los empleados y aprender de su moderna dirección, guiados por Michael Scott, el jefe de la oficina. Mientras, Jim, se pelea con Dwight y coquetea con la recepcionista Pam.','19:15',1,'S_02');
INSERT INTO CAPITULOS VALUES (2,'Día de la Diversidad','Un consultor llega a la oficina para impartir un seminario sobre tolerancia y diversidad en el lugar de trabajo, pero Michael insiste en impartir sus propios métodos. Mientras tanto, Jim no tiene un buen día con todas las interrupciones.','20:52',1,'S_02');
INSERT INTO CAPITULOS VALUES (3,'El seguro médico','Michael encarga a Dwight la elección del seguro medico para la oficina, pero este se lo toma muy en serio. Mientras, Jim y Pam fingirán sufrir enfermedades mortales para molestarlo.','20:15',1,'S_02');
INSERT INTO CAPITULOS VALUES (4,'El pacto','Michael prepara una fiesta de cumpleaños para Meredith. Jim y Dwight hacen una alianza para evitar que los despidan. Por otro lado, Michael debe decir a Oscar que no va a patrocinar la marcha solidaria en la que participa su sobrino.','21:01',1,'S_02');
INSERT INTO CAPITULOS VALUES (5,'Baloncesto','Todo el personal de la oficina, incluido Michael, desafía a los trabajadores del almacén con un partido de baloncesto. Esta es la situación que aprovecha Jim para acercarse e impresionar a Pam, intentando derrotar al equipo contrario en el que juega el prometido de la chica.','19:55',1,'S_02');
INSERT INTO CAPITULOS VALUES (6,'La chica sexy','Katy, una atractiva mujer, visita la oficina. Todos los hombres comienzan a competir por la atención de la chica, incluido Michael. Mientras, Pam comienza a sentirse celosa de Katy, ya que ha dejado de ser el centro de atención.','20:08',1,'S_02');
INSERT INTO CAPITULOS VALUES (7,'El examen de resultados','En lugar de hablar con sus empleados sobre su trabajo, Michael aprovecha el momento de la revisión anual para conocer las opiniones sobre su «relación» con Jan.','20:37',1,'S_02');
-- S_02 T2
INSERT INTO CAPITULOS VALUES (1,'Los premios Dundies','Cuando la empresa no quiere pagar la ceremonia anual de premios para los empleados, Michael se ve obligado a celebrar una velada memorable con un presupuesto reducido.','22:01',2,'S_02');
INSERT INTO CAPITULOS VALUES (2,'Acoso Sexual','Cuando RR. HH. anuncia severas medidas contra el acoso sexual, Michael tiene que frenar su costumbre de reenviar correos electrónicos inapropiados a sus subordinados.','19:35',2,'S_02');
INSERT INTO CAPITULOS VALUES (3,'Olimpiadas en la oficina','Cuando Michael y Dwight salen de la oficina para buscar apartamentos, Jim y Pam celebran los primeros Juegos Olímpicos de Dunder Mifflin.','21:28',2,'S_02');
INSERT INTO CAPITULOS VALUES (4,'Fuego','Para pasar el tiempo durante un simulacro de incendio imprevisto, Jim organiza juegos de "Isla desierta", "¿A quién os tiraríais?" y "¿Qué preferiríais?".','22:59',2,'S_02');
INSERT INTO CAPITULOS VALUES (5,'La noche de Halloween','Mientras los empleados se preparan para la fiesta anual de Halloween de la oficina, Michael no deja de darle vueltas a quién va a despedir.','21:41',2,'S_02');
INSERT INTO CAPITULOS VALUES (6,'La pelea','Cuando Dwight, que es cinturón morado de karate, noquea a Michael jugando en una pelea, su humillado jefe invita a todos a una revancha.','19:59',2,'S_02');
INSERT INTO CAPITULOS VALUES (7,'El cliente','Tras declarar que el Chili es un «centro señero», Michael convence a Jan de que es un lugar ideal para persuadir a un cliente importante.','21:02',2,'S_02');
-- S_02 T3
INSERT INTO CAPITULOS VALUES (1,'La caza de brujas gays','Jim intenta adaptarse a su ascenso y a su vida lejos de Pam. De vuelta en Scranton, Michael se une a Dwight para identificar a los homosexuales que hay en la oficina.','22:01',3,'S_02');
INSERT INTO CAPITULOS VALUES (2,'La convención','Jim intenta adaptarse a su ascenso y a su vida lejos de Pam. De vuelta en Scranton, Michael se une a Dwight para identificar a los homosexuales que hay en la oficina.','19:35',3,'S_02');
INSERT INTO CAPITULOS VALUES (3,'El insurrecto','Jan llega durante la «peli del lunes» de Michael y se enfada porque nadie está trabajando. Dwight se reúne en secreto con ella con la idea de ocupar el puesto de Michael.','21:28',3,'S_02');
INSERT INTO CAPITULOS VALUES (4,'El pésame','Michael busca la manera de honrar debidamente a su antiguo mentor. Los compañeros de trabajo de Jim empiezan a resentirse cuando el jefe le da más responsabilidades.','22:59',3,'S_02');
INSERT INTO CAPITULOS VALUES (5,'La iniciación','Dwight le da a Ryan una lección de ventas y lo lleva a la granja familiar de remolacha. Michael y Stanley esperan ansiosos los deliciosos pretzels gratis.','21:41',3,'S_02');
INSERT INTO CAPITULOS VALUES (6,'Fiesta de Diwali','Cuando Kelly invita al equipo a un carnaval hindú, Michael aprovecha la oportunidad para hacer que todos se acerquen y, más tarde, hace un gran anuncio.','19:59',3,'S_02');
INSERT INTO CAPITULOS VALUES (7,'El cierre de la filial','El ambiente en la oficina da un giro deprimente cuando Jan informa a Michael de que la junta directiva de Dunder Mifflin planea cerrar la sucursal de Scranton.','21:02',3,'S_02');
-- Dos Chicas Sin Blanca
-- S_03 T1
INSERT INTO CAPITULOS VALUES (1,'Piloto','Kat Dennings y Beth Behrs protagonizan esta nueva serie de comedia de Michael Patrick King como camareras en el mismo colorido restaurante de Brooklyn donde entablan una amistad poco probable.','20:30',1,'S_03');
INSERT INTO CAPITULOS VALUES (2,'Y la escena de la ruptura','Caroline cree que le está haciendo un favor a Max, pero en realidad, le está robando el protagonismo cuando se encarga de facilitar la ruptura de Max con Robbie.','24:55',1,'S_03');
INSERT INTO CAPITULOS VALUES (3,'Y golpes de buena voluntad','La lección de Max a Caroline sobre el arte de comprar en tiendas de segunda mano se pone fea por una codiciada camiseta. Además, un artista callejero sarcástico, Johnny (NICK ZANO), coquetea con Max.','25:58',1,'S_03');
INSERT INTO CAPITULOS VALUES (4,'Y los problemas de los ricos','Max prueba la vida elegante de Caroline cuando irrumpen en su antigua casa para recuperar su retén nocturno. La estrella invitada recurrente NICK ZANO aparece como Johnny.','23:54',1,'S_03');
INSERT INTO CAPITULOS VALUES (5,'Y la Fiesta del Caballo de los 90','Caroline y Max organizan una fiesta temática de los años 90 para atraer a ricos hipsters y recaudar dinero para su negocio. Caroline se horroriza al ver a su exnovio (TRAVIS VAN WINKLE).','23:12',1,'S_03');
INSERT INTO CAPITULOS VALUES (6,'Y la cama que desaparece','Caroline intenta construir una cama plegable, de esas que se pliegan en la pared, en el apartamento de Max. Mientras tanto, la química entre Max y Johnny (NICK ZANO) se intensifica.','25:01',1,'S_03');
INSERT INTO CAPITULOS VALUES (7,'Y el lindo problema','Caroline lleva a Max a una clase de decoración de pasteles.','24:57',1,'S_03');
INSERT INTO CAPITULOS VALUES (8,'Y la cultura del acaparador','Caroline y Max están de desorden hasta la cintura cuando limpian el apartamento de un acaparador para ganar dinero extra. Además, Max se entera de que Johnny (NICK ZANO) le ha estado ocultando un secreto.','26:25',1,'S_03');
INSERT INTO CAPITULOS VALUES (9,'Y un poco de efectivo','La novia de Johnny (NICK ZANO), Cashandra (MARSHA THOMASON - Blessed) tiene un plan retorcido en mente cuando contrata a Max y Caroline para hornear magdalenas para una exhibición de arte.','25:11',1,'S_03');
INSERT INTO CAPITULOS VALUES (10,'Y el Día de Acción de Gracias muy navideño','Max y Caroline solicitan trabajo como duendes en una tienda.','25:52',1,'S_03');
INSERT INTO CAPITULOS VALUES (11,'Y el baño de realidad','Max y Caroline intentan encontrarle trabajo a Chestnut para que el caballo tenga alojamiento y refugio durante el invierno. Peach audiciona para el reality de TV Real Housewives of TriBeCa.','23:48',1,'S_03');
INSERT INTO CAPITULOS VALUES (12,'Y la venta emergente','El pedigrí de Caroline ya no recibe un trato especial en los grandes almacenes de Barney, donde intenta devolver algunos anillos caros a cambio de dinero en efectivo.','24:44',1,'S_03');
INSERT INTO CAPITULOS VALUES (13,'Y el ingrediente secreto','Caroline se vuelve adicta a los cupones.','26:23',1,'S_03');
-- S_03 T2
INSERT INTO CAPITULOS VALUES (1,'Y el Alijo escondido','Max se une a Caroline en su visita a una prisión de cuello blanco para ver a su padre, Martin Channing (invitado estelar recurrente STEVEN WEBER - Wings, Brothers y Sisters), y los anima a comprar un recuerdo particular en la subasta de bienes de Channing.','20:30',2,'S_03');
INSERT INTO CAPITULOS VALUES (2,'Y el collar de Perlas','Después de la positiva respuesta de Martha Stewart a uno de sus cupcakes, Max y Caroline esperan con impaciencia una llamada suya. Además, Caroline pierde un recuerdo de la suerte.','24:55',2,'S_03');
INSERT INTO CAPITULOS VALUES (3,'Y The Hold-Up','Max y Caroline muestran su verdadera personalidad en un asalto a la cafetería. Mientras, todos ven un lado sorpresivo de Han. La estrella invitada BROOKE LYONS aparece como Peach.','25:58',2,'S_03');
INSERT INTO CAPITULOS VALUES (4,'Y la guerra de cupcake','Max y Caroline ponen a prueba su talento repostero cuando audicionan para participar en el famoso programa de cocina “Cupcake Wars.”','23:54',2,'S_03');
INSERT INTO CAPITULOS VALUES (5,'Y la tarjeta de credito','Una nueva tarjeta de crédito preaprobada causa lucha entre Max y Caroline. El hijo distanciado de Earl, Darius (CEDRIC THE ENTERTAINER), llega a Nueva York con la esperanza de ser cómico.','23:12',2,'S_03');
INSERT INTO CAPITULOS VALUES (6,'Y el Manwich de caramelo','Caroline se siente demasiado avergonzada para salir con el atractivo dueño de una tienda de caramelos después de una experiencia humillante.','25:01',2,'S_03');
INSERT INTO CAPITULOS VALUES (7,'Y los tres chicos de madera','En este episodio, Max y Caroline reclutan a un par de chicos amish para que las ayuden a construir un granero.','24:57',2,'S_03');
INSERT INTO CAPITULOS VALUES (8,'Y el especial de huevo','Cuando un nuevo local se pone en alquiler, Max y Caroline buscarán fondos para poderlo alquilar y trasladar su tienda de cupcakes.','26:25',2,'S_03');
INSERT INTO CAPITULOS VALUES (9,'Y la nueva jefa','Caroline y Max contratan a una becaria para que haga el trabajo sucio mientras ellas se preparan para abrir su nueva tienda de cupcakes. Sin embargo, el trabajo de Max como encargada de la nueva tienda de cupcakes no será nada fácil.','25:11',2,'S_03');
INSERT INTO CAPITULOS VALUES (10,'Y la gran inaguración','La inauguración de la nueva tienda no saldrá según lo planeado ya que Max invita a todos sus exnovios y descubre que Johnn no se ha casado después de todo.','25:52',2,'S_03');
INSERT INTO CAPITULOS VALUES (11,'Y la socia pasiva','Cuando Sophie es estafada por el obrero que trabaja en su nueva casa, Max le propone ser socia de la tienda de cupcakes.','23:48',2,'S_03');
INSERT INTO CAPITULOS VALUES (12,'Y las altas fiestas','Max y Caroline se retrasan en el pago del alquiler, por lo que se verán obligadas a hacer negocios con clientes algo turbios.','24:44',2,'S_03');
INSERT INTO CAPITULOS VALUES (13,'Y la verdad peliaguda','Una relajante escapada de fin de semana acaba resultando incómoda cuando Max acompaña a Caroline y Andy a una cabaña en el campo.','26:23',2,'S_03');
-- S_03 T3
INSERT INTO CAPITULOS VALUES (1,'Y la apertura suave','Un incidente relacionado con una estrella de rock hace que suban las ventas en el negocio de cupcakes de Max y Caroline.','20:30',3,'S_03');
INSERT INTO CAPITULOS VALUES (2,'Y el kickstarter','Caroline trata de conseguir dinero para comprarse unos exclusivos pantalones a través de una campaña de "crowfunding". Por otro lado, Caroline y Max tienen una discusión porque Max se ha comprado un smartphone.','24:55',3,'S_03');
INSERT INTO CAPITULOS VALUES (3,'Y el gatito travieso','Cuando Max se encariña con un gatito abandonado que ha estado rondando alrededor del apartamento, Caroline intenta convencerla de que el animal se merece un hogar mejor. Sin embargo, cuando creen haberlo encontrado, el destino del gato da un giro.','25:58',3,'S_03');
INSERT INTO CAPITULOS VALUES (4,'Y el jefe de grupo','Caroline y Max compran una máquina para hacer capuchinos en la tienda de cupcakes, pero ninguna consigue entender como funciona. Entonces deciden trabajar en una cafetería para aprender todos los trucos de la profesión.','23:54',3,'S_03');
INSERT INTO CAPITULOS VALUES (5,'Y los cronuts','Cuando Caroline y Max comienzan a perder clientes debido a la nueva moda de los cronuts (mitad croissant, mitad donut), a las chicas se les ocurre crear una nueva tendencia: las cake fries.','23:12',3,'S_03');
INSERT INTO CAPITULOS VALUES (6,'Y el pedazo de hoja','Cuando Caroline se paga unas extensiones con el dinero que tiene en común con Max, se siente culpable y le compra un juego de sábanas a Max. Sin embargo, Caroline se deshace del juego viejo sin saber que tiene valor sentimental para Max.','25:01',3,'S_03');
INSERT INTO CAPITULOS VALUES (7,'Y la experiencia novia','Después de enviarle a su madre en Korea fotos de una stripper y decirle que es su novia, Han le pide ayuda a Max y Caroline para encontrar a la chica y convencerla para que se haga pasar por su novia durante una visita de su madre.','24:57',3,'S_03');
INSERT INTO CAPITULOS VALUES (8,'Y el agujero ese','Cuando un chico deja plantada a Caroline tras prometer que la llevaría a unos de los restaurantes más exclusivos de la ciudad, las chicas deciden sacar provecho de la codiciada reserva que había hecho.','26:25',3,'S_03');
INSERT INTO CAPITULOS VALUES (9,'Y el porno pastelero','Caroline anima a Max a inscribirse en la escuela de repostería de Manhattan tras descubrir un folleto sobre la escuela escondido en la habitación de su amiga.','25:11',3,'S_03');
INSERT INTO CAPITULOS VALUES (10,'Y el primer dia de clase','Max trata de causar una buena impresión durante su primer día en la escuela de repostería, pero el graciosillo de la clase la distrae demasiado. Por otro lado, Caroline se viste para impresionar a Nicolas, el atractivo profesor de Max.','25:52',3,'S_03');
INSERT INTO CAPITULOS VALUES (11,'Correo intervenido','Mientras supervisa los correos electrónicos de sus empleados, Michael encuentra una invitación a una barbacoa en el apartamento de Jim a la que no estaba invitado.','20:41',3,'S_03');
INSERT INTO CAPITULOS VALUES (12,'La fiesta de Navidad','Michael organiza una fiesta de Navidad en la oficina con el dinero de una reciente bonificación. Jim comienza a planear el regalo perfecto del amigo invisible para Pam.','21:14',3,'S_03');
INSERT INTO CAPITULOS VALUES (13,'Y siempre lo mismo','Caroline anima a Max a tener en la escuela de repostería de Manhattan una buena amistad conlos compañeros','25:11',3,'S_03');
-- And Just Like That
-- S_04 T1
INSERT INTO CAPITULOS VALUES (1,'Hola, soy yo','Después de conversar cómo manejar el cambio, Carrie tiene el desafío de ser sexualmente abierta en el pódcast del Che. Miranda tiene un primer día de clases desastroso. Charlotte intenta impresionar a una mamá.','58:25',1,'S_04');
INSERT INTO CAPITULOS VALUES (2,'Little Black Dress','Miranda y Charlotte acuden en ayuda de Carrie, demostrando el valor de los buenos amigo. Anthony y Stanford prometen dejar de lado las discusiones insignificantes.','59:20',1,'S_04');
INSERT INTO CAPITULOS VALUES (3,'Donde fueres...','Tras enterarse de un acontecimiento sorprendente que involucra a Natasha, la exesposa de Big, Carrie se embarca en un camino en busca de respuestas. Mientras tanto, Charlotte se preocupa por cómo manejar la revelación de su hija más chica.','58:01',1,'S_04');
INSERT INTO CAPITULOS VALUES (4,'Algunos de mis mejores amigos','Carrie se reúne con una agente inmobiliaria, Seema Patel, pero un comentario descortés amenaza con arruinar su amistad naciente. Charlotte aprovecha una oportunidad y planifica una reunión de último momento para LTW.','57:58',1,'S_04');
INSERT INTO CAPITULOS VALUES (5,'Tragicamente hipster','Mientras Carrie se recupera de una operación de cadera, Charlotte recibe noticias sorprendentes sobre su hija, y las palabras de Che ayudan a Miranda a enfrentarse a algunas verdades sobre su vida.','59:40',1,'S_04');
INSERT INTO CAPITULOS VALUES (6,'Diwali','Nya se desahoga con Miranda respecto de una temible cena inminente. Luego, Anthony le pide un favor a Carrie ante la ausencia de Stanford. Miranda deja impactada a Charlotte con una confesión y Carrie decide aceptar su pasado.','56:34',1,'S_04');
INSERT INTO CAPITULOS VALUES (7,'Hechizada, molesta y maravillada','Tras sincerarse con Che, Miranda debe tomar una decisión que cambiará su vida. Carrie intenta saber más sobre su misteriosa vecina veinteañera. Los esfuerzos de Charlotte por ser más abierta con sus hijos sobre sexo se desbaratan.','59:45',1,'S_04');
INSERT INTO CAPITULOS VALUES (8,'Sin compromiso','Carrie se pregunta si está preparada para dar un paso más y dejarse llevar. Charlotte presume de haber superado por fin la menopausia. A Miranda le sale el tiro por la culata por su espontaneidad.','58:33',1,'S_04');
INSERT INTO CAPITULOS VALUES (9,'Viendo la luz','Mientras Charlotte se sumerge en la planificación del rito de iniciación definitivo para Rock, Che desconcierta a Miranda. Tras un año difícil, Carrie intenta encontrar un final.','59:55',1,'S_04');
-- Superstore
-- S_05 T1
INSERT INTO CAPITULOS VALUES (1,'Piloto','El joven Jonah empieza su primer día de trabajo en unos grandes almacenes. En el primer día ya le causa una mala impresión a Amy, su supervisora y atrae la atención de Dina, la asistenta de Amy.','20:30',1,'S_05');
INSERT INTO CAPITULOS VALUES (2,'Portada de revista','Jonah atrae la atención de una periodista que tiene que escribir un artículo sobre los grandes almacenes. Garrett intenta evitar que le saquen fotos y Cheyenne le pide a su novio que componga una melodía publicitaria.','24:55',1,'S_05');
INSERT INTO CAPITULOS VALUES (3,'Vacunas y salsa','Amy y Carmen tienen que ponerse sombreros mexicanos y dar muestras de una nueva salsa. Jonah se ofrece a ayudar cuando un montón de gente va a la tienda para conseguir la vacuna contra la gripe.','25:58',1,'S_05');
INSERT INTO CAPITULOS VALUES (4,'El maniquí','Todos se obsesionan con un maniquí que se parece mucho a Jonah. Cheyenne se plantea dar a su hijo en adopción y Glenn y Dina empiezan una discusión sobre ser padres.','23:54',1,'S_05');
INSERT INTO CAPITULOS VALUES (5,'La ladrona','Amy no encuentra canguro para su hija Emma así que rompe las reglas y se la lleva al trabajo. Cheyenne y Mateo empiezan una discusión por un sofá.','23:12',1,'S_05');
INSERT INTO CAPITULOS VALUES (6,'El comprador secreto','Amy se vuelve más competitiva cuando Glenn felicita a Jonah por su resultado en el test. Todos los empleados de "Cloud 9" se portan bien mientras esperan la llegada de un cliente secreto.','25:01',1,'S_05');
INSERT INTO CAPITULOS VALUES (7,'La guerra de los colores','Todos los empleados recibirán un bono de 200 dólares si la tienda alcanza una meta de ventas al final del día. Ben se encuentra con el marido de Amy y Dina y Glenn planean una celebración.','24:57',1,'S_05');
INSERT INTO CAPITULOS VALUES (8,'Día de rebajas en bodas','Cheyenne y Bo se aprovechan de las rebajas de objetos de boda en la tienda y Amy les intenta explicar los costes de tener un hijo. Mientras, Glenn intenta mostrar su apoyo al matrimonio homosexual.','26:25',1,'S_05');
INSERT INTO CAPITULOS VALUES (9,'Toda la noche','Todos los empleados pasan la noche en la tienda esperando una entrega. Mientras esperan descubren nuevas maneras creativas para pasar el tiempo y conocerse.','25:11',1,'S_05');
INSERT INTO CAPITULOS VALUES (10,'Parto','Cheyenne está a punto de tener su bebé pero la empresa no paga la baja maternal. Entonces debe volver al trabajo justo después de haber dado a luz. Amy y Jonah se indignan con esta decisión y acuden al sindicato.','23:48',1,'S_05');
-- S_05 T2
INSERT INTO CAPITULOS VALUES (1,'Olimpiadas','Una oferta de temática olímpica brinda la oportunidad a Amy de conocer a su ídolo de la infancia. Glenn tiene problemas para mantener a raya su patriotismo y Jonah descubre un secreto del pasado de Mateo.','20:30',2,'S_05');
INSERT INTO CAPITULOS VALUES (2,'Huelga','Los empleados de Cloud 9 están en huelga para protestar contra el despido de Glenn. Jonah intenta ayudar a Amy en sus negociaciones con los empresarios y Garrett conoce a una bella mujer en el piquete de la protesta.','24:55',2,'S_05');
INSERT INTO CAPITULOS VALUES (3,'Vuelta al trabajo','Un accidente en el supermercado amenaza el plan de Amy para impresionar al gerente regional. Mientras, Glenn intenta actuar como un jefe estricto y Jonah ayuda a Dina a recuperar la confianza de los compañeros a los que traicionó en la huelga.','25:58',2,'S_05');
INSERT INTO CAPITULOS VALUES (4,'Armas, píldoras y pájaros','Jonah causa una protesta en el departamento de armas del supermercado y se niega a vender un arma a cualquiera que considere sospechoso. Mientras, Glenn intenta comprar todas las pastillas del día después de la tienda.','23:54',2,'S_05');
INSERT INTO CAPITULOS VALUES (5,'El escándalo del portavoz','El portavoz de la empresa es acusado de un crimen y entonces Glenn empieza a pensar que debería saber más cosas de sus empleados. Mientras, Amy y Jonah se gastan bromas.','23:12',2,'S_05');
INSERT INTO CAPITULOS VALUES (6,'Día de adopción de perros','Mateo y Jonah tienen que hacerse cargo de las adopciones de perros. Los recién estrenados padres Cheyenne y Bo tienen una discusión y Glenn y Amy les aconsejan, aunque cada uno dice una cosa muy diferente.','25:01',2,'S_05');
INSERT INTO CAPITULOS VALUES (7,'Robo de Halloween','Después de un posible robo en la tienda, Dina empieza una investigación que detiene los planes de Halloween de todos los empleados. Mientras, Jonah y Cheyenne intentan crear vínculos entre ellos y Garrett se defiende de la acusación de Dina.','24:57',2,'S_05');
INSERT INTO CAPITULOS VALUES (8,'Las de Contratos navideños','Glenn contrata a Adam, el marido de Amy, para que ayude durante la campaña de Navidad. A Jonah y a Garrett no les gustan estos trabajadores temporales.','25:11',2,'S_05');
INSERT INTO CAPITULOS VALUES (9,'Viernes negro','Todos los trabajadores sufren intoxicación alimentaria durante el "viernes negro". El humor de Glenn cambia después de una visita a la farmacia y Mateo y Cheyenne descubren el lado lucrativo del "viernes negro".','25:52',2,'S_05');
INSERT INTO CAPITULOS VALUES (10,'Flipando en colores','Glenn contrata a Eden, un exmarine, para que ayude durante la campaña de Navidad. A Jonah y a Garrett no les gustan estos trabajadores temporales.','25:11',2,'S_05');
-- S_05 T3
INSERT INTO CAPITULOS VALUES (1,'Gran apertura','Los empleados se apresuran para terminar a tiempo la reforma de la tienda para su gran reapertura. Amy y Jonah se enfrentan a su accidental beso y Glenn descubre algo sobre sí mismo.','20:30',3,'S_05');
INSERT INTO CAPITULOS VALUES (2,'Brett ha muerto','Los empleados organizan un memorial en recuerdo a Brett. A Amy le preocupa la ansiedad de Dina. Mientras, Jonah intenta averiguar más sobre el pasado de Garrett.','24:55',3,'S_05');
INSERT INTO CAPITULOS VALUES (3,'Contratos','La hija de Amy consigue un trabajo en Cloud 9 y Amy le pide consejo a Jonah para que le ayude a sobrellevar su educación. Mientras, Garrett y Dina discuten sobre quién rompió con quién.','25:58',3,'S_05');
INSERT INTO CAPITULOS VALUES (4,'Abusos en el trabajo','Las tensiones surgen entre los empleados después de un robo en la tienda. Mientras, Glenn tiene dificultades para despedir al guardia de seguridad de la tienda. Amy descubre que sus compañeros han salido de fiesta sin ella.','23:54',3,'S_05');
INSERT INTO CAPITULOS VALUES (5,'Sal está muerto','Se descubre un cadáver en la tienda durante "Halloween" y Glenn y Dina entran en pánico, lo que crea confusión entre los compradores. Mientras, Amy y Garrett se meten en un lío al usar una aplicación de citas en el teléfono de Jonah.','23:12',3,'S_05');
INSERT INTO CAPITULOS VALUES (6,'Fondo sanitario','Mateo recurre a remedios caseros cada vez más extraños para tratar una infección de oído. Amy y Jonah deciden ofrecer una alternativa al terrible seguro médico de Cloud 9.','25:01',3,'S_05');
INSERT INTO CAPITULOS VALUES (7,'Nochebuena','Tratando de demostrar lo salvaje que puede ser, Amy convierte la Nochebuena en una aventura navideña. Mientras, los compañeros de Jonah y Garrett se ven afectados.','24:57',3,'S_05');
INSERT INTO CAPITULOS VALUES (8,'Video viral','Un empleado de Cloud 9 publica un controvertido vídeo, por lo que Dina recluta a Cheyenne para controlar las cuentas de redes sociales del personal.','26:25',3,'S_05');
INSERT INTO CAPITULOS VALUES (9,'La fiesta de los Globos de Oro','Amy organiza una fiesta para demostrar lo bien que está después del divorcio. Dina y Jonah tienen que ayudarla, y Dina termina haciendo el último sacrificio. Glenn y su mujer se ven obligados a realizar negocios personales en la casa de Amy.','25:11',3,'S_05');
INSERT INTO CAPITULOS VALUES (10,'Promoción','La empresa anuncia que la tienda está recibiendo una actualización. Entonces, Amy, Jonah y Dina se disponen a descubrir las ventajas e inconvenientes de dicha actualización. Mientras, Cheyenne voluntariamente se ofrece como sustituta de Glenn.','25:52',3,'S_05');
--Friends
-- S_06 T1
INSERT INTO CAPITULOS VALUES (1,'The Pilot','Rachel se escapa de su boda y se queda a vivir en casa de una antigua amiga de la infancia, Monica. Conoce a todo el grupo de amigos de la joven, y así inicia una vida independiente y muy diferente a la que tenía planeada.','20:30',1,'S_06');
INSERT INTO CAPITULOS VALUES (2,'The Sonogram at the End','Rachel pierde su anillo de compromiso y el único lugar en el que puede estar es en la lasaña que Monica ha preparado. Por otro lado, Ross descubre que su exmujer está embarazada y tiene que esperar para la ecografía al lado de Susan.','24:55',1,'S_06');
INSERT INTO CAPITULOS VALUES (3,'El del pulgar','Monica ha empezado a salir con Alan, el primer novio que cae bien a sus amigos. Por otro lado, Phoebe devuelve dinero al banco que, por error, le ha ingresado quinientos dólares de más, pero a cambio recibe mucho más dinero.','25:58',1,'S_06');
INSERT INTO CAPITULOS VALUES (4,'El de George Stephanopoulos','Ross, afectado por ser el aniversario de su primera vez con Carol, va a un partido de hockey con Chandler y Joey y recibe un golpe de disco en la cara. Acaban en el hospital, donde Ross revela que Carol ha sido la única mujer con la que ha estado.','23:54',1,'S_06');
INSERT INTO CAPITULOS VALUES (5,'El del detergente germano oriental','Chandler y Phoebe deciden romper con sus parejas al mismo tiempo en la misma cafetería. Por otro lado,Joey engaña a Monica para que ésta le ayude a volver con una antigua novia.','23:12',1,'S_06');
INSERT INTO CAPITULOS VALUES (6,'El del trasero','Un agente le ofrece a Joey un papel en una película como doble del culo de Al Pacino, pero es despedido. Por otro lado, Chandler tiene una cita con una mujer que está casada y tiene un amante.','25:01',1,'S_06');
INSERT INTO CAPITULOS VALUES (7,'El del apagón','Hay un apagón en Nueva York y Chandler queda atrapado en un Cajero Automático con la modelo Jill Goodacre. Por otro lado, Ross finalmente se decide a pedirle a Rachel que salga con él cuando ésta se enamora de Paolo, un vecino italiano.','24:57',1,'S_06');
INSERT INTO CAPITULOS VALUES (8,'El de cuando la abuela muere dos veces','La abuela de Ross y Monica muere dos veces en el hospital y organizar su funeral se convierte en una pesadilla para los Geller porque la abuela no quería el tipo de funeral que ellos desean.','26:25',1,'S_06');
INSERT INTO CAPITULOS VALUES (9,'El de la fiesta de Acción de Gracias','Monica cocina la cena de Acción de Gracias para todos porque sus planes fallan. Cuando un globo gigante se escapa por las calles de Nueva York, todos salen a mirarlo pero nadie coge las llaves del apartamento, por lo que se quedan en la calle.','25:11',1,'S_06');
INSERT INTO CAPITULOS VALUES (10,'El del mono Marcelo','Como todos son solteros, el grupo decide pasar la Nochevieja juntos sin parejas pero todo el mundo acaba teniendo citas: Phoebe se enamora de un científico, Paolo regresa de su viaje a Roma, Chandler regresa con Janice y Monica con Bob el Divertido.','25:52',1,'S_06');
INSERT INTO CAPITULOS VALUES (11,'El de después de la Superbowl','Ross y Mónica se encuentra con Marcel en el escenario para una película de Jean-Claude Van Damme. Por otro lado, Chandler tiene una cita con una chica con le gustaba cuando estaba en cuarto grado.','26:23',3,'S_06');
-- S_06 T2
INSERT INTO CAPITULOS VALUES (1,'El de la nueva novia de Ross','Rachel ha decidido declararse a Ross pero no puede porque Ross vuelve de China con Julie, su nueva novia. Rachel, por despecho, acaba pasando la noche con Paolo. Phoebe demuestra sus artes como peluquera pero le hace un corte terrible a Mónica.','20:30',2,'S_06');
INSERT INTO CAPITULOS VALUES (2,'El de la leche materna','Joey tiene problemas con un chico nuevo en el trabajo que se viste como un vaquero y que se entromete en su departamento. Por otro lado, Monica y Julie empiezan a llevarse bien y Monica no puede decirselo a Rachel, pero se acaba enterando.','24:55',2,'S_06');
INSERT INTO CAPITULOS VALUES (3,'El de cuando muere Heckles','Mr. Heckles muere y deja todo lo que tiene a Rachel y Monica. Chandler se preocupa al descubrir que él es muy parecido a Heckles cuando era joven. Como no quiere morir solo ni amargado, como Heckles, llama a Janice.','25:58',2,'S_06');
INSERT INTO CAPITULOS VALUES (4,'El del marido de Phoebe','Todos se sorprenden cuando Phoebe les cuenta que está casada con un patinador gay que ahora le pide el divorcio. Por otro lado, Ross pide consejo a Rachel sobre Julie y Chandler cuenta a todos que Joey participó en una película porno.','23:54',2,'S_06');
INSERT INTO CAPITULOS VALUES (5,'El de la cena para cinco y una berenjena','Rachel, Phoebe y Joey discuten con Mónica, Chandler y Ross porque los primeros no tienen dinero para tantos caprichos como los segundos. Por otro lado, Chandler recibe una llamada equivocada y se hace pasar por quién no es para conseguir una cita.','23:12',2,'S_06');
INSERT INTO CAPITULOS VALUES (6,'El del bebé en el autobús','Ross sufre una reacción alérgica y Chandler y Joey se encargan de cuidar a Ben, el hijo de Ross, y se lo olvidan en el autobús. Por otro lado, en Central Perk contratan a un cantante profesional por lo que Phoebe se queda sin trabajo.','25:01',2,'S_06');
INSERT INTO CAPITULOS VALUES (7,'El de cuando Ross se entera','Rachel se emborracha y deja un mensaje de voz a Ross diciéndole que ya lo ha superado. Mientras, Mónica se convierte en la entrenadora personal de Chandler y se obsesiona para hacer que se amigo adelgace un poco.','24:57',2,'S_06');
INSERT INTO CAPITULOS VALUES (8,'El de la lista','Joey y Chadler aconsejan a Ross que haga una lista con los pros y los contras de Rachel y Julie. Desafortunadamente, Rachel lee la lista y se enfada con Ross.','26:25',2,'S_06');
INSERT INTO CAPITULOS VALUES (9,'El del padre de Phoebe','Phoebe descubre que su padre todavía está vivo pero no logra reunir el valor necesario para ir a verlo. Por otro lado, Ross rompe el radiador del apartamento de Monica y el piso se convierte en una sauna.','25:11',2,'S_06');
INSERT INTO CAPITULOS VALUES (10,'El de Russ','Rachel se cita con un chico que se parece mucho a Ross mientras a Joey le ofrecen un papel en "Los días de nuestra vida" a cambio de acostarse con la directora de reparto. Mónica tiene problemas con Bobby el Divertido porque sobrio no es divertido.','25:52',2,'S_06');
INSERT INTO CAPITULOS VALUES (11,'The One with the Lesbian Wedding','Carol y Susan se casan y encargan a Mónica el catering del evento. Por otro lado, la madre de Rachel anuncia planes chocantes.','23:48',2,'S_06');
-- S_06 T3
INSERT INTO CAPITULOS VALUES (1,'El de la fantasía de la princesa Leia','Mónica está deprimida a causa de su ruptura con Richard. Por su parte, Joey no puede soportar tener a Janice alrededor todo el día y al enterarse, Janice lo invita a un día de diversión para que los dos se puedan conocer mejor.','20:30',3,'S_06');
INSERT INTO CAPITULOS VALUES (2,'The One Where No Ones Ready','Ross tiene una importante cena pero nadie está listo para ir. Mientras tanto, Joey y Chandler se pelean y Joey tira humus sobre el vestido de Phoebe.','24:55',3,'S_06');
INSERT INTO CAPITULOS VALUES (3,'El de la mermelada','Joey se cae mientras está saltando sobre la cama y se disloca el brazo. Mientras, Mónica intenta mantenerse ocupada para olvidar a Richard: prepara un montón de mermelada y después decide tener un hijo, por lo que acude a un banco de esperma.','25:58',3,'S_06');
INSERT INTO CAPITULOS VALUES (4,'El del túnel metafórico','Phoebe olvida decirle a Joey que tenía que acudir a una audición. Para arreglarlo se hace pasar por su agente y Joey le pide que le represente siempre. Por otro lado, Ross entra en pánico cuando ve a su hijo jugar con una muñeca Barbie.','23:54',3,'S_06');
INSERT INTO CAPITULOS VALUES (5,'El de Frank Jr','Joey construye un armario y Mónica le pide que le arregle el suelo del baño. Por su parte, Phoebe se cita con su hermano Frank Jr. para conocerse mejor pero hay un malentendido cuando ella le dice que trabaja dando masajes.','23:12',3,'S_06');
INSERT INTO CAPITULOS VALUES (6,'El del flashback','A partir de una pregunta de Janice, el grupo recuerda lo que ocurrió hace tres años: Chandler buscaba compañero de piso, Phoebe se iba del apartamento de Mónica, Rachel quería tener una aventura antes de su boda y Carol conocía a Susan.','25:01',3,'S_06');
INSERT INTO CAPITULOS VALUES (7,'El de la cama bólido','Mónica y Phoebe van a comprar una cama a la tienda del futuro exmarido de Janice. Mientras, Rachel y Ross cenan con el padre de ella, pero las cosas no van bien. Joey, por su parte, empieza a dar clases sobre como actuar en un culebrón.','24:57',3,'S_06');
INSERT INTO CAPITULOS VALUES (8,'El del artilugio punzante gigante','Phoebe no quiere ir al dentista porque cada vez que va alguien muere. Por otro lado, Joey le cuenta a Chandler que vio a Janice besando a su marido. Mientras, Ross tiene una emergencia en el museo y Rachel cuida de Ben.','26:25',3,'S_06');
INSERT INTO CAPITULOS VALUES (9,'El del fútbol','La emoción se convierte en el plato fuerte del día cuando el grupo juega un partido de fútbol americano durante el día de Acción de Gracias. El pavo tendrá que esperar en la mesa cuando el equipo perdedor pida la revancha.','25:11',3,'S_06');
INSERT INTO CAPITULOS VALUES (10,'El de cuando Rachel dimite','Gunther re-entrena a Rachel en cómo ser camarera y ella se da cuenta de que ya es hora de que deje de trabajar en la cafetería. Ross, por accidente, le rompe la pierna a una niña y acaba vendiendo galletas de los Pájaros Marrones por ella.','25:52',3,'S_06');
INSERT INTO CAPITULOS VALUES (11,'El de cuand viajan a la luna','Joey comienza a salir con una admiradora, pero luego descubre que está un poco obsesionada con él. Ross se da cuenta de que echa de menos a Marcel y viaja al zoológico de San Diego para averiguar qué ha sido de él.','24:44',1,'S_06');
-- Stranger Things
-- S_07 T1
INSERT INTO CAPITULOS VALUES (1,'La desaparición de Will Byers','Mientras regresa a casa Will Byers desaparece de manera misteriosa tras huir de una criatura extraña que se ha escapado de un laboratorio, en el que ya ha sido atacado un científico. Además, aparece una chica misteriosa con la cabeza rapada.','50:30',1,'S_07');
INSERT INTO CAPITULOS VALUES (2,'La loca de la calle Maple','El jefe de policía Hooper y su equipo buscan a Will y sus amigos, Lucas, Mike y Dustin descubren que la chica de la cabeza rapada podría estar relacionada con la desaparición de su amigo. Además, esta chica tiene un tatuaje en el brazo con su nombre.','54:55',1,'S_07');
INSERT INTO CAPITULOS VALUES (3,'Todo está bien','Nancy no sabe nada de Bárbara, y después de su actitud sospechosa, decide salir a buscarla al bosque donde se encuentra la extraña criatura. Además, Once dice que Will está escondido en su casa y que trata de hablar con ella.','55:58',1,'S_07');
INSERT INTO CAPITULOS VALUES (4,'El cuerpo','Once esta convencida de que Will se encuentra en una dimensión paralela de la que no puede salir, por lo que intenta que sus nuevos amigos, algo incrédulos, se involucren. Hooper, tras descubrir un cuerpo, se interesa más en los laboratorios Hawkins.','53:54',1,'S_07');
INSERT INTO CAPITULOS VALUES (5,'La pulga y el acróbata','Pese a que Joyce está convencida de que su hijo no ha fallecido, asiste a su funeral donde se encuentra con su ex marido. Mientras, Lucas, Dustin y Mike se involucran con Once para descubrir más sobre la dimensión en la que se encuentra Will.','53:12',1,'S_07');
INSERT INTO CAPITULOS VALUES (6,'El monstruo','Nancy y Jonathan deciden unirse para descubrir la verdad sobre el extraño monstruo del bosque que mantiene retenidos a Barb y Will. Además, Hopper y Joyce comienzan una investigación paralela que les lleva a una mujer cuya hija también despareció.','55:01',1,'S_07');
INSERT INTO CAPITULOS VALUES (7,'La bañera','Los trabajadores de Hawkins deciden frenar a Once y sus amigos, aunque no les termina de salir bien. Además, Hooper, Joyce, Nancy y Jonathan se terminan uniendo para investigar. Por otra parte, se intentarán descubrir las capacidades de Once.','54:57',1,'S_07');
INSERT INTO CAPITULOS VALUES (8,'El otro lado','Joyce y Hooper revelan el paradero de Once a condición de adentrarse en la dimensión paralela en la que se encuentra atrapado Will al que ya le cuesta sobrevivir. Además los trabajadores de Hawkins descubren a Mike, Lucas, Dustin y Once.','56:25',1,'S_07');
-- S_07 T2
INSERT INTO CAPITULOS VALUES (1,'MADMAX','Mientras la ciudad se prepara para Halloween, el escéptico Hopper inspecciona un campo de calabazas en estado de descomposición. Por otro lado, los chicos descubren que alguien ha superado su puntuación en el salón recreativo.','50:30',2,'S_07');
INSERT INTO CAPITULOS VALUES (2,'Truco o trato','Después de que Will vea algo terrible durante la noche de Hallowen, Mike tiene la esperanza de que Once esté cerca. Por su parte, Nancy aún no ha superado lo sucedido a Barb.','54:55',2,'S_07');
INSERT INTO CAPITULOS VALUES (3,'El renacuajo','Dustin adopta una extraña mascota y Once está cada vez más impaciente. Por otro lado, Bob tiene una conversa con Will y le aconseja que se enfrente a sus miedos.','55:58',2,'S_07');
INSERT INTO CAPITULOS VALUES (4,'Will el Sabio','La salud de Will está empeorando y Joyce se percata de la situación. Por su parte, Hopper trata de averiguar la verdad y Once hace un sorprendente descubrimiento.','53:54',2,'S_07');
INSERT INTO CAPITULOS VALUES (5,'Dig dug','Nancy y Jonathan mantienen un intercambio de teorías de conspiración con un nuevo aliado. Por otro lado, Once busca a alguien que forma parte de su pasado.','53:12',2,'S_07');
INSERT INTO CAPITULOS VALUES (6,'El espía','La conexión de Will con una entidad oscura va en aumento y nadie sabe como pararlo. Por su parte, Dustin y Steve forman una fuerte alianza.','55:01',2,'S_07');
INSERT INTO CAPITULOS VALUES (7,'La hermana perdida','Las visiones psíquicas de Once le llevan a contactar con una banda de marginados violentos liderada por una chica con un pasado oscuro.','54:57',2,'S_07');
INSERT INTO CAPITULOS VALUES (8,'El azotamentes','Un incidente en el laboratorio Hawkins hace que se active un protocolo de seguridad dejando encerrados a Will y otras personas dentro. Sin embargo, aparece un héroe inesperado que tomará una valiente decisión.','56:25',2,'S_07');
-- S_07 T3
INSERT INTO CAPITULOS VALUES (1,'Capítulo uno: Suzie, ¿me recibes?','Con el verano llegan nuevos trabajos y un amor incipiente. Pero todo cambia cuando la radio de Dustin capta una emisión en ruso y Will presiente que algo va mal.','50:30',3,'S_07');
INSERT INTO CAPITULOS VALUES (2,'Capítulo dos: Ratas de centro comercial','Nancy y Jonathan van tras la noticia, Steve y Robin se apuntan a una misión secreta. Mientras tanto Maxine y Once se van de compras y Billy tiene visiones inquietantes.','54:55',3,'S_07');
INSERT INTO CAPITULOS VALUES (3,'Capítulo tres: El caso de la socorrista desaparecida','Once y Maxine van en busca de Billy, Will declara un día sin chicas, Steve y Dustin emprenden una misión y Joyce y Hopper vuelven al laboratorio de Hawkins.','55:58',3,'S_07');
INSERT INTO CAPITULOS VALUES (4,'Capítulo cuatro: La prueba de la sauna','Un código rojo reúne a la pandilla, que se enfrenta a un peligro familiar y aterrador. Karen anima a Nancy a que siga investigando y Robin descubre un mapa muy útil.','53:54',3,'S_07');
INSERT INTO CAPITULOS VALUES (5,'Capítulo cinco: El ejército de azotamentes','Extrañas sorpresas acechan en una vieja casa en las profundidades del centro comercial Starcourt. Y el Azotamentes cada vez es más fuerte.','53:12',3,'S_07');
INSERT INTO CAPITULOS VALUES (6,'Capítulo seis: E pluribus unum','El doctor Alexei revela lo que construyen los rusos y Once descubre dónde ha estado Billy. Dustin y Erica montan una operación de rescate muy audaz.','55:01',3,'S_07');
INSERT INTO CAPITULOS VALUES (7,'Capítulo siete: La mordedura','Con el tiempo a punto de agotarse y un asesino al acecho, el equipo de Hopper vuelve a toda prisa a Hawkins, donde Ce y la pandilla se preparan para la batalla.','54:57',3,'S_07');
INSERT INTO CAPITULOS VALUES (8,'Capítulo ocho: La batalla de Starcourt','El terror se apodera de la zona de restaurantes cuando aparece el Azotamentes. Mientras tanto en el subsuelo, el futuro del mundo está en juego.','56:25',3,'S_07');
-- S_07 T4
INSERT INTO CAPITULOS VALUES (1,'Capítulo uno:El club Hellfire','El está teniendo problemas de integración en la escuela, donde le hacen bullying. Joyce abre un paquete misterioso que está decidida a descifrar. En Hawkins, Mike y Dustin se unen a un club de Calabozos y dragones dirigido por Eddie Munson.','50:30',4,'S_07');
INSERT INTO CAPITULOS VALUES (2,'Capítulo dos: La maldición de Vecna','Mike vuela a California para visitar a El, donde él y Will presencian cómo una compañera de clase la intimida. Max le dice a Dustin que vio a Eddie huir de casa la noche en que murió Chrissy. Junto con Robin y Steve, localizan al traumatizado Eddie.','54:55',4,'S_07');
INSERT INTO CAPITULOS VALUES (3,'Capítulo tres: El caso de la socorrista desaparecida','Joyce y Murray vuelan a Alaska. Hopper soborna a un compañero de prisión para que rompa sus grilletes. La policía arresta a El por agredir a Ángela. Mientras tanto, Robin y Nancy desentierran los demonios de Hawkins.','55:58',4,'S_07');
INSERT INTO CAPITULOS VALUES (4,'Capítulo cuatro: Querido Billy','Joyce y Murray entregan el pago del rescate pero Yuri planea entregarlos a la KGB. Nancy y Robin consiguen una entrevista con Victor Creel en el psiquiátrico. Temiendo que Vecna esté por matarla en cualquier momento, Max escribe cartas de despedida.','53:54',4,'S_07');
INSERT INTO CAPITULOS VALUES (5,'Capítulo cinco: El proyecto Nina','Owens lleva a Once a un almacén subterráneo de misiles abandonado en Nevada, donde él y el Dr. Brenner planean devolverle sus poderes. Nancy y Robin se unen a Max, Lucas, Steve y Dustin y deciden investigar juntos la casa de la familia Creel.','53:12',4,'S_07');
INSERT INTO CAPITULOS VALUES (6,'Capítulo seis: Masacre en el laboratorio de Hawkins','Suzie ayuda al grupo de Mike a localizar a Eleven. Hopper y los otros reclusos se preparan para luchar contra el Demogorgon. Steve se sumerge en un portal hacia el Otro lado junto con Nancy, Robin y Eddie.','55:01',4,'S_07');
INSERT INTO CAPITULOS VALUES (7,'Capítulo siete: Papá','Joyce, Murray y Yuri logran ingresar a la prisión donde son testigos de cómo Hopper y los demás reclusos luchan contra el Demogorgon. Dustin, Lucas y Erica teorizan que Vecna ha generado un portal en el lugar de cada asesinato.','54:57',4,'S_07');
INSERT INTO CAPITULOS VALUES (8,'Capítulo ocho: En lo profundo','Suzie ayuda al grupo de Mike a localizar a Eleven. Hopper y los otros reclusos se preparan para luchar contra el Demogorgon. Steve se sumerge en un portal hacia el Otro lado junto con Nancy, Robin y Eddie.','56:25',4,'S_07');
-- Crónicas Vampíricas
-- S_08 T1
INSERT INTO CAPITULOS VALUES (1,'Piloto','Después de la muerte de sus padres, los adolescentes Elena y Jeremy Gilbert hacen todo lo que pueden para seguir adelante. Mientras Elena no puede esconder su dolor, Jeremy se mete en las drogas, y además, un nuevo estudiante, Stefan, llega.','58:55',1,'S_08');
INSERT INTO CAPITULOS VALUES (2,'La noche del cometa','Mientras Mystic Falls se prepara para un festival, Vicki se recupera en el hospital de un ataque. Mientras está allí, Stefan la visita para averiguar qué pasó. Elena, por su parte, va a hablar con Stean pero se encuentra a su hermano Damon.','57:12',1,'S_08');
INSERT INTO CAPITULOS VALUES (3,'Mordeduras del viernes noche','El señor Tanner trata de convencer a Stefan para que se una al equipo de fútbol. Bonni, por su parte, trata de hacer entender a Elena que Stefan no es lo que él dice ser, pero ella rechaza la idea. Mientras, Damon continúa alimentándose de Caroline.','56:59',1,'S_08');
INSERT INTO CAPITULOS VALUES (4,'Lazos familiares','Elena le pide a Stefan que le acompañe a un baile, mientras Vicki persuade a Tyler para que sea él su pareja para esa noche. En otro lugar, Damon le revela a Elena parte del pasado de la familia de Salvatore, mientras Stefan trata de impedirlo.','58:56',1,'S_08');
INSERT INTO CAPITULOS VALUES (5,'Estás muerto en vida para mi','La relación entre Elena y Stefan está todavía pasando por un tiempo tormentoso cuando ella descubre algunas historias estremecedoras de él. Damon se debilita y trata de utilizar a Carolin para escapar, y a Bonnie se le manifiestan los poderes.','57:25',1,'S_08');
INSERT INTO CAPITULOS VALUES (6,'Chicas perdidas','Después de que Elena le pida que explique los acontecimientos terroríficos que están ocurriendo en Mystic Falls, Stefan le cuenta la historia de su pasado, incluyendo cómo llega a convertirse en vampiro. Mientras, Damon decide hacerse cargo de Vicki.','57:54',1,'S_08');
INSERT INTO CAPITULOS VALUES (7,'Atormentado','Stefan trata de ayudar a que Vicki controle su sed de sangre, ya que sus actos están llegando a ser peligrosos. Elena, por su parte trata de persuadir a Jeremy para que este se mantenga alejado de ella.','57:45',1,'S_08');
INSERT INTO CAPITULOS VALUES (8,'162 velas','Mientras celebran su cumpleaños, Stefan recibe una visita sorpresa de uno de sus antiguos amigos vampiro, que aprovecha para darle a Elena un consejo sobre su relación, que ella no ha pedido. Damon, por su parte trata de convencer a Caroline.','58:26',1,'S_08');
INSERT INTO CAPITULOS VALUES (9,'La historia se repite','Jeremy cree que hay algo raro en su nueva profesora de historia, y su preocupación aumenta cuando Jenna parece fijarse en el novato. Mientras, Bonnie tiene pesadillas con su antepasada Emily, que parece inundar la realidad con su presencia.','59:12',1,'S_08');
INSERT INTO CAPITULOS VALUES (10,'El momento decisivo','La relación entre Elena y Stefan se va consolidando, pero se tuerce cuando ella descubre una imagen de Katherine en su casa. Además, Logan un recién convertido vampiro, le dice a Damon que sabe como resucitar a Katherine, quien les convirtió a ellos.','58:25',1,'S_08');
INSERT INTO CAPITULOS VALUES (11,'Líneas de sangre','Damon va a Georgia para ver quien puede ayudarle a resucitar a Katherine. Stean, por su parte, revela un secreto imapctante sobre el pasado de Elena, y los motivos de Alaric para permanecer en Mystic Falls se aclaran.','59:42',1,'S_08');
INSERT INTO CAPITULOS VALUES (12,'Esto no es un Plesantville','En un baile del colegio con temática de los años 50, Damon, Elena y Stefan van en busca del extraño vampiro que está acosando a Elena.','58:14',1,'S_08');
INSERT INTO CAPITULOS VALUES (13,'Hijos de los condenados','Stefan y Damon recuerdan los horrores de su pasado que causaron el distanciamiento entre ellos. Asimismo, descubren que no son los únicos interesados en el diario antiguo de Elena, y buscan la entrada a la tumba.','59:52',1,'S_08');
INSERT INTO CAPITULOS VALUES (14,'Me engañaste una vez','De forma involuntaria, Jeremy invita a Anna, la vampiresa, a una fiesta, sin saber que ella tiene sus propios planes para con él. Mientrastanto, Stefan, Damon y Elena se unen a Bonnie y Grams para abrir la tumba.','58:41',1,'S_08');
INSERT INTO CAPITULOS VALUES (15,'Algunos hombres buenos','Stefan y Elena están preocupados por el comportamiento de Damon tras hacer los descubrimientos sobre Katherine. Elena, por su parte, está decidida a aprender más sobre su madre biológica, pero no está preparada para lo que realmente encuentra.','49:21',1,'S_08');
INSERT INTO CAPITULOS VALUES (16,'Allá va el vecindario','Stefan y Elena tienen una cita doble con Caroline y Matt, pero la velada no va como esperaban. Damon, por su parte, descubre que hay más vampiros en la ciudad cuando Anna le visita de sorpresa, y Jenna raviva su amistad con la madrede Matt, Kelly.','48:25',1,'S_08');
-- S_08 T2
INSERT INTO CAPITULOS VALUES (1,'El regreso','Damon y Stefan tratan de averiguar lo que Katherine desea cuando se dan cuenta de que esta ha vuelto a Mystic Falls. Elena se enfrenta a una pesadilla cuando descubre el ataque de Katherine a Jhon Gilbert, mientras Jeremy está inconsciente.','58:55',2,'S_08');
INSERT INTO CAPITULOS VALUES (2,'Un mundo feliz','Caroline comienza a comportarse de manera muy extraña, pero Matt se empeña en confesarle lo que siente. Damon, por su parte, quiere descubrir el secreto de Mason.','57:12',2,'S_08');
INSERT INTO CAPITULOS VALUES (3,'Mala luna creciente','En su intento por conocer más sobre Mason, Elena, Stefan y Alaric van a la Universidad de Duke para buscar entre los estudios de Isobel sobre el folclore y lo paranormal, y poder averiguar la verdadera naturaleza de Mason.','56:59',2,'S_08');
INSERT INTO CAPITULOS VALUES (4,'La línea de la memoria','Stefan quiere averiguar a qué se debe el retorno de Katherine a Mystic Falls. Damon intentará arreglar sus asuntos con Mason usando nuevos métodos. Katherine revela nuevos secretos.','58:56',2,'S_08');
INSERT INTO CAPITULOS VALUES (5,'Matar o morir','Tyler averigua más sobre la maldición de la familia Lockwood; Stefan y Damon, por su parte, discuten sobre cómo encargarse de Mason. Asimismo, Mason le proporciona información sorprendente al sheriff Lockwood.','57:25',2,'S_08');
INSERT INTO CAPITULOS VALUES (6,'El plan B','Jeremy va en contra de los deseos de Elena al ofrecerles su ayuda a Damon y Alaric para enfrentarse a Katherine. Además, Caroline y su madre comparten buenos ratos familiares juntas, y Bonnie, accidentalmente, encuentra información nueva de Mason.','57:54',2,'S_08');
INSERT INTO CAPITULOS VALUES (7,'Mascarada','Stefan y Damon tienen un nuevo plan para relacionarse con Katherine, que tendrá lugar en el baile de máscaras de la familia Lockwood. Sin ellos saberlo, Katherine llama a su vieja amiga Lucy, para que la acompañe al baile.','57:45',2,'S_08');
INSERT INTO CAPITULOS VALUES (8,'Rose','Damon y Stefan ayudan a Elena y mientras descubren información importante sobre las personas, los vampiros y algunos eventos del pasado. Además, Jeremy ayuda a Bonnie después de lanzar un hechizo dificil y Caroline le facilita las cosas a Tyler.','58:26',2,'S_08');
INSERT INTO CAPITULOS VALUES (9,'Katerina','Elena se mete en problemas mientras trata de encontrar más información sobre el pasado de Katherine y su propio potencial futuro. Damon, por su parte, trata de descubrir el verdadero fin y poder de la piedra lunar.','59:12',2,'S_08');
INSERT INTO CAPITULOS VALUES (10,'El sacrificio','Jeremy y Bonnie unen sus fuerzas para recuperar la piedra lunar, pero Stefan se ve obligado a intervenir cuando Jeremy se pone en serio peligro. Elena toma las riendas del asunto y encuentra una manera de tentar a Rose.','58:25',2,'S_08');
INSERT INTO CAPITULOS VALUES (11,'Bajo la luz de la luna','Las sospechas de Damon y Alaric despiertan cuando un extraño llega en busca de Mason. Además, Caroline está con Tyler para su primea transformación, Elena está enfadada con Jeremy, y Stefan y Katherine practican juegos mentales.','59:42',2,'S_08');
INSERT INTO CAPITULOS VALUES (12,'El descenso','Damon le pide a Elena que cuide de Rose, que está enferma, mientras el intenta saber la verdad sobre Jules, pero la situación se vuelve inesperadamente peligrosa. Además, Stefan tiene unas ideas diferentes a las de Elena con respecto a su futuro.','58:14',2,'S_08');
INSERT INTO CAPITULOS VALUES (13,'Cosas de papá','Jeremy cuidad de Bonnie cuando esta tiene un encuentro perturbador con Jonas, el hechicero. Además, Elena, Jenna y Dmaon se ponen tristes cuando Jonathan Gilbert vuelve inesperadamente a Mystic Falls.','59:52',2,'S_08');
INSERT INTO CAPITULOS VALUES (14,'Esto no es juego para niños','En un baile del colegio con temática de los años 50, Damon, Elena y Stefan van en busca del extraño vampiro que está acosando a Elena.','58:14',2,'S_08');
INSERT INTO CAPITULOS VALUES (15,'Mundo vampírico','Espíritu de los muertos invaden a Mystic Falls durante los preparativos de una celebración y Damon tendrá un violento encuentro con uno de ellos.','57:45',2,'S_08');
INSERT INTO CAPITULOS VALUES (16,'Todo el pueblo','Abby y Bonnie participan en un ritual para apaciguar a los espíritus de la naturaleza. Por otro lado, Elijah le da un ultimátum a Stefan y Damon que poniendo a Elena en peligro.','49:21',2,'S_08');
-- S_08 T3
INSERT INTO CAPITULOS VALUES (1,'El cumpleaños','Caroline planea una fiesta para el 18 cumpleaños de Elena. Por oto lado, Damon y Elena buscan a Stefan, mientras que Klaus y Stefan siguen tras la pista de un hombre lobo, por último, Jeremy tiene que luchar contra sus visiones fantasmagóricas.','58:55',3,'S_08');
INSERT INTO CAPITULOS VALUES (2,'El híbrido','Klaus pone en marcha un plan con unos resultados inesperados. Por otro lado, Alaric y Damon, aunque a regañadientes, prueban la nueva estrategia de Elena para encontrar Stefan y Jeremy busca respuestas para sus visiones de los fantasmas de su pasado.','57:12',3,'S_08');
INSERT INTO CAPITULOS VALUES (3,'El final del romance','Klaus y Stefan se encuentran, en Chicago, con un viejo conocido. Por otro lado, Damon y Elena siguen una pista sobre el paradero Klaus y Stefans, mientras que Tyler hablacon el Sheriff Forbes sobre Caroline.','56:59',3,'S_08');
INSERT INTO CAPITULOS VALUES (4,'Comportamiento inquietante','Un nuevo enemigo lleva a Damon al limite. Por otro lado, Caroline trata de ayudar a Elena con a lidiar con sus propios sentimientos.','58:56',3,'S_08');
INSERT INTO CAPITULOS VALUES (5,'El ajuste de cuentas','Caroline trata de asegurarse de que la broma al Mystic Falls High School va según lo planeado. Por otro lado, Damon piensa que Jeremy puede ayudarle a derrotar a Klaus y Stefan es usado para fines cada vez más peligrosos y violentos.','57:25',3,'S_08');
INSERT INTO CAPITULOS VALUES (6,'Esencia adolescente','Elena y sus amigos comienzan el último año de la escuela tratando de superar los recientes acontecimientos. Por otro lado, Damon está molesto con su nuevo invitado y Matt le pide ayuda a Bonnie.','57:54',3,'S_08');
INSERT INTO CAPITULOS VALUES (7,'Mundo fantasmal','Espíritu de los muertos invaden a Mystic Falls durante los preparativos de una celebración y Damon tendrá un violento encuentro con uno de ellos.','57:45',3,'S_08');
INSERT INTO CAPITULOS VALUES (8,'Gente normal','Alaric se esfuerza por comprender complenamente su reciente descubrimiento. Por otro lado, Rebekah revela secretos y detalles sobre su pasado y un aliado un poco inestable sorprende a Damon y Stefan.','58:26',3,'S_08');
INSERT INTO CAPITULOS VALUES (9,'El baile de bienvenida','Con la esperanza de ganarle a Klaus, Damon forma parte de una asociación peligrosa. Por otro lado, el comportamiento de Tyler sorprende a Matt y a Caroline.','59:12',3,'S_08');
INSERT INTO CAPITULOS VALUES (10,'El nuevo trato','Alaric conoce a una bella doctora intrigada por su habilidad de sanar y Elena le da noticias sorprendentes a Klaus.','58:25',3,'S_08');
INSERT INTO CAPITULOS VALUES (11,'Nuestro pueblo','Aunque Carolina no está de humor para celebrar su decimoctavo cumpleaños, Elena, Bonnie y Matt deciden hacerle una fiesta sorpresa en un lugar de lo más insólito.','59:42',3,'S_08');
INSERT INTO CAPITULOS VALUES (12,'Lazos que unen','Bonnie desea aprender como matar a Klaus a través de su sueño recurrente sobre los ataúdes. Los sueños también la ayudarán a encontrar a su desaparecida madre. Mientras, Klaus y Stefan continúan luchando por el control de los ataúdes.','58:14',3,'S_08');
INSERT INTO CAPITULOS VALUES (13,'Despertando a los muertos','Alaric y Elena reciben noticias perturbadoras del alguacil Forbes sobre unos asesinatos recientes. Paralelamente, Caroline es incapaz de evitar una tragedia, y Damon pide la ayuda de un viejo conocido.','59:52',3,'S_08');
INSERT INTO CAPITULOS VALUES (14,'Alianzas peligrosas','Elena recibe una invitación para asistir a un baile en la recién reformada mansión de Klaus. Stefan y Damon insisten en ir con ella. Caroline, por su parte, descubre un lado nuevo de Klaus.','58:41',3,'S_08');
INSERT INTO CAPITULOS VALUES (15,'Todos mis hijos','Abby y Bonnie participan en un ritual para apaciguar a los espíritus de la naturaleza. Por otro lado, Elijah le da un ultimátum a Stefan y Damon que poniendo a Elena en peligro.','49:21',3,'S_08');
INSERT INTO CAPITULOS VALUES (16,'1912','Una serie de asesinatos en Mystic Falls hacen que Damon recuerde una ola de crímenes parecidos que ocurrieron en 1912. Entretanto, Elena y Matt intentan demostrar que el Dr. Fell es un asesino.','48:25',3,'S_08');

-- The Last Of Us
-- S_09 T1
INSERT INTO CAPITULOS VALUES (1,'Cuando estés perdido en la oscuridad','Veinte años después de que un brote de hongos asola el planeta, a los sobrevivientes Joel y Tess se les asigna una misión que podría cambiarlo todo.','58:25',1,'S_09');
INSERT INTO CAPITULOS VALUES (2,'Infectados','Luego de escapar de la zona de cuarentena, Joel y Tess discuten sobre el destino de Ellie mientras transitan las ruinas de un Boston abandonado ya hace mucho tiempo.','59:20',1,'S_09');
INSERT INTO CAPITULOS VALUES (3,'Mucho, mucho tiempo','Cuando un extraño se acerca al recinto de Bill, un aficionado en preparativos para eventos apocalípticos, ambos forjan una conexión poco probable. Más tarde, Joel y Ellie buscan la guía de Bill.','58:01',1,'S_09');
INSERT INTO CAPITULOS VALUES (4,'Por favor, sostén mi mano','Después de abandonar su camioneta en Kansas City, Joel y Ellie intentan escapar sin llamar la atención de una vengativa líder rebelde.','57:58',1,'S_09');
INSERT INTO CAPITULOS VALUES (5,'Resistir y sobrevivir','Mientras intentan evadir a los rebeldes, Joel y Ellie se cruzan con el hombre más buscado de Kansas City. Mientras tanto, Kathleen continúa su persecución.','59:40',1,'S_09');
INSERT INTO CAPITULOS VALUES (6,'Parentesco','Tras ignorar los consejos de los lugareños, Joel y Ellie se adentran más en un territorio peligroso en busca de las luciérnagas... y de Tommy.','56:34',1,'S_09');
INSERT INTO CAPITULOS VALUES (7,'Lo que dejamos atrás','Mientras Joel lucha por sobrevivir, Ellie recuerda la noche que lo cambió todo.','58:39',1,'S_09');
INSERT INTO CAPITULOS VALUES (8,'Cuando más lo necesitamos','Ellie se cruza con un vengativo grupo de supervivientes y llama la atención de su líder. Un Joel debilitado se enfrenta a una nueva amenaza.','59:45',1,'S_09');
INSERT INTO CAPITULOS VALUES (9,'Busca la luz','Anna embarazada deposita su confianza en una amiga de toda la vida. Más tarde, Joel y Ellie se acercan al final de su viaje.','58:33',1,'S_09');

-- The Mandalorian
-- S_10 T1
INSERT INTO CAPITULOS VALUES (1,'El mandaloriano','Un cazarrecompensas Mandaloriano rastrea un objetivo para un cliente buen pagador.','58:25',1,'S_10');
INSERT INTO CAPITULOS VALUES (2,'El niño','Tras haber dado con una valiosa presa, el Mandaloriano debe ahora lidiar con unos ladrones.','59:20',1,'S_10');
INSERT INTO CAPITULOS VALUES (3,'El pecado','El maltrecho Mandaloriano reclama a su cliente la recompensa, pero algunos tratos no acaban bien.','59:20',1,'S_10');
INSERT INTO CAPITULOS VALUES (4,'Santuario','El Mandaloriano se asocia con una exsoldado para proteger una aldea de granjeros de unos bandidos.','59:20',1,'S_10');
INSERT INTO CAPITULOS VALUES (5,'El pistolero','En un conocido planeta desértico, el Mandaloriano ayuda a un cazarrecompensas novato desbordado.','59:20',1,'S_10');
INSERT INTO CAPITULOS VALUES (6,'El prisionero','El Mandaloriano se une a un grupo de mercenarios para liberar a un convicto de una nave prisión.','59:20',1,'S_10');
INSERT INTO CAPITULOS VALUES (7,'El ajuste de cuentas','Un viejo contacto envía una invitación al Mandaloriano para hacer las paces con sus enemigos.','59:20',1,'S_10');
INSERT INTO CAPITULOS VALUES (8,'Redencion','El Mandaloriano y sus aliados conocen a su verdadero enemigo, que sabe ya mucho de ellos.','59:45',1,'S_10');
-- S_10 T2
INSERT INTO CAPITULOS VALUES (1,'The marshal','El Mandaloriano se dirige al Borde Exterior en busca de otros como él, enfrentándose a enemigos y reuniendo aliados. Después de un enfrentamiento con un gánster, se entera de que, en Tatooine, vive otro mandaloriano.','58:25',2,'S_10');
INSERT INTO CAPITULOS VALUES (2,'The passanger','El Mandaloriano debe llevar a una pasajera con la que no puede comunicarse en un arriesgado viaje. La pasajera lleva consigo una valiosa y extraña carga.','59:20',2,'S_10');
INSERT INTO CAPITULOS VALUES (3,'The heiress','El Mandaloriano y el niño se aventuran en alta mar con el fin de encontrar otros mandalorianos. Cuando su aventura se vuelve demasiado peligrosa, encuentran unos aliados inesperados.','58:01',2,'S_10');
INSERT INTO CAPITULOS VALUES (4,'The siege','El Mandaloriano se une a antiguos aliados en una nueva misión para expulsar a las fuerzas imperiales de Nevarro.','57:58',2,'S_10');
INSERT INTO CAPITULOS VALUES (5,'La jedi','El Mandaloriano y el niño continúan su peligroso viaje por los recovecos de una galaxia donde se encuentran con una poderosa figura, ¿será un nuevo enemigo?','59:20',2,'S_10');
INSERT INTO CAPITULOS VALUES (6,'La tragedia','El Mandaloriano llega a un antiguo planeta junto a Gregu, con una misión concreta. Sin embargo, no todo será tan fácil como pensaban.','56:34',2,'S_10');
INSERT INTO CAPITULOS VALUES (7,'El creyente','Para poder atacar de nuevo al Imperio, el Mandaloriano tiene que pedirle ayuda a un viejo enemigo, el exsoldado imperial Mayfeld.','58:39',2,'S_10');
INSERT INTO CAPITULOS VALUES (8,'El rescate','El Mandaloriano tiene que buscar una seríe de aliados para tratar de recuperar a Grogu de las manos de Moff Gideon.','59:45',2,'S_10');

-- Alice in Borderland
-- S_11 T1
INSERT INTO CAPITULOS VALUES (1,'Episodio 1','Arisu y sus amigos se esconden en un baño público para escapar de la policía. Al salir se encuentran con las calles de Tokio completa y repentinamente desiertas.','49:25',1,'S_11');
INSERT INTO CAPITULOS VALUES (2,'Episodio 2','Con Chota herido, Arisu y Karube deciden salir para ganar más experiencia. Juntos llegan a un enorme apartamento, donde les espera un peligroso juego de persecuciones.','51:45',1,'S_11');
INSERT INTO CAPITULOS VALUES (3,'Episodio 3','Con los visados de Chota y Shibuki a punto de caducar, los cuatro se adentran en el inmenso Jardín Botánico Shinjuku, y allí participan en un cruel juego de traición.','43:12',1,'S_11');
INSERT INTO CAPITULOS VALUES (4,'Episodio 4','Arisu está consumido por la culpa y listo para rendirse, pero Usagi le anima a seguir adelante. Próxima parada: un juego de resistencia en una autopista subterránea.','48:48',1,'S_11');
INSERT INTO CAPITULOS VALUES (5,'Episodio 5','Arisu y Usagi consiguen llegar a la Playa, y el rey de este supuesto paraíso utópico les obliga a ayudar a reunir las cartas que faltan.','49:01',1,'S_11');
INSERT INTO CAPITULOS VALUES (6,'Episodio 6','Chishiya recluta a Arisu y Usagi para que le ayuden a desestabilizar el "status quo". Una situación inesperada sacude las frágiles dinámicas de poder de la Playa.','53:52',1,'S_11');
INSERT INTO CAPITULOS VALUES (7,'Episodio 7','El antiguo refugio de la Playa se convierte en el escenario de la siguiente fase: una épica caza de brujas que pone a todos contra todos en un enfrentamiento brutal.','51:39',1,'S_11');
INSERT INTO CAPITULOS VALUES (8,'Episodio 8','Las tensiones dentro del complejo llegan a un punto límite. Con el final de juego cada vez más cerca, los supervivientes se enfrentan a un futuro incierto.','55:57',1,'S_11');
-- S_11 T2
INSERT INTO CAPITULOS VALUES (1,'Episodio 1','Arisu, Usagi, Kuina y Chishiya llevan más de una hora esperando que comience el siguiente nivel en el cruce de Shibuya, pero de momento la acción no ha empezado.','49:25',2,'S_11');
INSERT INTO CAPITULOS VALUES (2,'Episodio 2','Ahora que el Rey de Tréboles ha decidido mostrarse en todo su esplendor, el juego se pone en marcha. Y las cosas parecen ir bastante bien, para sorpresa de Arisu.','51:45',2,'S_11');
INSERT INTO CAPITULOS VALUES (3,'Episodio 3','Con el juego a unos minutos de terminar, parece que los resultados de cada equipo ya están decididos. Pero entonces, Arisu se acerca a Kyuma para estrechar su mano.','43:12',2,'S_11');
INSERT INTO CAPITULOS VALUES (4,'Episodio 4','Tan solo queda un puñado de jugadores y Chishiya es el único que no tiene compañero. La próxima ronda podría ser la última del juego.','48:48',2,'S_11');
INSERT INTO CAPITULOS VALUES (5,'Episodio 5','Aguni solo tiene un objetivo en mente: encontrar y matar al Rey de Picas. Arisu y una resuelta estudiante llamada Akane Heiya se unen a él.','49:01',2,'S_11');
INSERT INTO CAPITULOS VALUES (6,'Episodio 6','Usagi tendrá que ganarse a los cínicos jugadores del equipo de la Reina para que cambien de opinión. En el Tribunal Supremo, Chishiya conoce al Rey de Diamantes.','53:52',2,'S_11');
INSERT INTO CAPITULOS VALUES (7,'Episodio 7','En medio de un cruce abandonado en Shibuya, Niragi reta a un juego a Arisu y a Chishiya. Pero entonces llega el Rey de Picas.','51:39',2,'S_11');
INSERT INTO CAPITULOS VALUES (8,'Episodio 8','En el juego final hay que sobrevivir a tres rondas de cróquet. Antes de que los jugadores puedan avanzar mucho, la Reina les invita a tomar el té.','55:57',2,'S_11');

-- Emily en París
-- S_12 T1
INSERT INTO CAPITULOS VALUES (1,'Emily en París','Emily aporta ideas frescas y su actitud de superación estadounidense a su nueva oficina en París, pero su incapacidad para hablar francés no ayuda mucho.','27:25',1,'S_12');
INSERT INTO CAPITULOS VALUES (2,'Femenina y masculina','Emily se mueve por los entresijos del amor francés cuando su entusiasmo en una fiesta de trabajo impresiona a un cliente ligón... y casado.','38:40',1,'S_12');
INSERT INTO CAPITULOS VALUES (3,'¿Sexi o sexista?','Emily expresa su preocupación sobre una campaña publicitaria subida de tono mientras lidia con problemas de fontanería, clases de francés y colegas desagradables.','37:22',1,'S_12');
INSERT INTO CAPITULOS VALUES (4,'Un beso es un beso','Gracias a su simpática conocida, Emily afina el olfato para tantear a un gran cliente potencial, pero una turbia relación en el trabajo pone el trato en peligro.','29:41',1,'S_12');
INSERT INTO CAPITULOS VALUES (5,'Falsos amigos','Emily descubre que su creciente cifra de seguidores en las redes sociales le abre puertas en París, y una noche de fiesta acaba en un ‘tête-à-tête’ con Gabriel.','39:55',1,'S_12');
INSERT INTO CAPITULOS VALUES (6,'Ringarde','Una reunión con una mítica casa de alta costura se viene abajo por culpa de una horterada y Emily halla consuelo en la compañía de un profesor que parece encantador.','37:50',1,'S_12');
INSERT INTO CAPITULOS VALUES (7,'Un final francés','Emily accede a ocuparse de una actriz estadounidense en un evento ‘très chic’, pero pronto ve cómo se desmadra la noche... y la famosa a su cargo.','37:20',1,'S_12');
INSERT INTO CAPITULOS VALUES (8,'Líos de familia','La escapada de fin de semana de Emily al ‘château’ de una amiga pierde gas como el champán abierto. En París, Mindy da el do de pecho en el encuentro con sus amigas.','38:56',1,'S_12');
INSERT INTO CAPITULOS VALUES (9,'Una subasta americana en París','Una subasta benéfica, un vestido donado y un vanguardista dúo de diseño se confabulan para fastidiar a Emily mientras llama la atención del heredero de Pierre Cadault.','29:39',1,'S_12');
INSERT INTO CAPITULOS VALUES (10,'Desfile cancelado','El trabajo de Emily pende de un hilo por la debacle de la Fashion Week, así que piensa en un nuevo plan mientras se prepara para despedirse de un buen amigo.','40:19',1,'S_12');
-- S_12 T2
INSERT INTO CAPITULOS VALUES (1,'Voulez-vous coucher avec moi?','Emily, que se siente culpable por su noche con Gabriel, decide irse de finde romántico para pasar página. El nuevo trabajo de Mindy resulta tener muy poco glamur.','27:25',2,'S_12');
INSERT INTO CAPITULOS VALUES (2,'¿Cómo se va a Saint-Tropez?','¿Currar el finde? ¡Qué horror! Incluso estando en Saint-Tropez, Emily no puede olvidarse de su trabajo. Pero una metedura de pata en las redes podría obligarla a hacerlo.','38:40',2,'S_12');
INSERT INTO CAPITULOS VALUES (3,'¡Bon anniversaire!','Mientras organiza una cena para celebrar su cumpleaños, Emily comparte un momento demasiado íntimo con las amigas de Camille y acepta la ayuda de Gabriel con el menú.','37:22',2,'S_12');
INSERT INTO CAPITULOS VALUES (4,'Jules y Em','Cuando los dramas personales afectan su trabajo en Savoir, Emily decide esforzarse más en sus clases de francés. Mindy se las ve con un mimo durante su actuación.','29:41',2,'S_12');
INSERT INTO CAPITULOS VALUES (5,'Un ingés en París','Emily intenta practicar francés con alguien de su clase mientras compagina la inauguración del restaurante de Gabriel con una fiesta de Chopard y la furia de Camille.','39:55',2,'S_12');
INSERT INTO CAPITULOS VALUES (6,'Punto de ebullición','Los ánimos se caldean la noche de la inauguración de Chez Lavaux. Emily siente que Alfie tiene una idea errónea de ella. Sylvie despierta el interés de un fotógrafo.','37:50',2,'S_12');
INSERT INTO CAPITULOS VALUES (7,'El cocinero, la ladrona, su fantasma y su amante','Emily por fin parece llevarse bien con Alfie, pero una chaqueta prestada provoca una situación de lo más incómoda. Sylvie está indignada por el nuevo cliente de Savoir.','37:20',2,'S_12');
INSERT INTO CAPITULOS VALUES (8,'Champán y otros problemas','Tras una cena sospechosamente extraña con Alfie, Emily se marcha al "château" de Camille, donde se descorchan algo más que los tapones de las botellas de Champére.','38:56',2,'S_12');
INSERT INTO CAPITULOS VALUES (9,'Aromas y sensibilidad','La jefa de Emily de Chicago indaga en las cuentas de Savoir, lo que pone nerviosa a Sylvie. El incipiente romance de Mindy sufre un revés cuando su secreto sale a la luz.','29:39',2,'S_12');
INSERT INTO CAPITULOS VALUES (10,'Una revolución francesa','La lealtad de Emily se ve puesta a prueba en el desfile de Versalles, que se convierte en el escenario de un enfrentamiento decisivo para el futuro de Savoir (y el suyo).','40:19',2,'S_12');
-- S_12 T3
INSERT INTO CAPITULOS VALUES (1,'Tengo dos amores','Un improvisado corte de pelo es la única decisión rápida de Emily, que sigue dándole vueltas a su futuro profesional y sentimental.','27:25',3,'S_12');
INSERT INTO CAPITULOS VALUES (2,'¿Qué está pasando...?','El caos se apodera de Savoir. Emily le pide ayuda a un antiguo compañero, pero su intento por arreglar las cosas en una glamurosa gala se va al traste enseguida.','38:40',3,'S_12');
INSERT INTO CAPITULOS VALUES (3,'La conspiración','Sylvie recurre a sus encantos para recuperar la oficina. Mindy se viene muy arriba en el ‘backstage’. Emily toma una decisión sobre su futuro.','37:22',3,'S_12');
INSERT INTO CAPITULOS VALUES (4,'Emily Cooper, en directo desde París','Además de hacer turismo por París, Emily consigue un trabajo que pone a prueba sus conocimientos de francés. Camille hace buenas migas con una artista fascinante.','29:41',3,'S_12');
INSERT INTO CAPITULOS VALUES (5,'¡Oh, La Lista!','Emily intenta utilizar su influencia para que Sylvie aparezca en una lista de personalidades. Mindy se encuentra con un viejo amigo. Alfie da una fiesta.','39:55',3,'S_12');
INSERT INTO CAPITULOS VALUES (6,'Ex-en.Provence','Emily y compañía acuden a un lujoso evento en un château de la Provenza. Allí, los campos de lavanda, el festín y un invitado sorpresa hacen que salte la chispa.','37:50',3,'S_12');
INSERT INTO CAPITULOS VALUES (7,'Cómo perder a un diseñador en 10 días','Mientras la Agence Grateau hace frente a dramas de diseñadores por partida doble, Mindy recibe una enigmática invitación y pide ayuda a Emily y Gabriel.','37:20',3,'S_12');
INSERT INTO CAPITULOS VALUES (8,'Víctima de la moda','La situación de Pierre está en el aire mientras los rumores envuelven la inauguración de su tienda. Sylvie queda con un viejo conocido. Emily le ofrece apoyo a Gabriel.','38:56',3,'S_12');
INSERT INTO CAPITULOS VALUES (9,'El amor está en el aire','Como si no tuviera bastante con cuestionarse su relación con Alfie, Emily se enfrenta también al resentimiento del novio de Mindy. Gabriel decide centrarse en su futuro.','29:39',3,'S_12');
INSERT INTO CAPITULOS VALUES (10,'La farsa','Emily torpedea a un compañero de trabajo y ayuda a Gabriel a cumplir su sueño profesional. Entre medias, va a una fiesta en Champaña que da un giro inesperado.','40:19',3,'S_12');

-- The Americans
-- S_13 T1
INSERT INTO CAPITULOS VALUES (1,'El piloto','Dos espías de la KGB, Philip y Elizabeth Jennings, fingen ser un matrimonio americano más mientras viven en un barrio residencial de Washington. La llegada de un nuevo vecino, el agente del F.B.I Stan Beeman, pondrá a prueba su tapadera.','55:02',1,'S_13');
INSERT INTO CAPITULOS VALUES (2,'El reloj','El matrimonio Jennings tratará de impedir la venta de una información clave. Para conseguirlo, deberá asumir importantes riesgos que pondrán en serio peligro su tapadera. Por su parte, el nuevo puesto de Stand comienza a dar resultados.','56:45',1,'S_13');
INSERT INTO CAPITULOS VALUES (3,'Gregory','Philip y Elizabeth descubren que Robert tenía una esposa, aunque desconocen si la viuda estaba al tanto de todo. Por su parte, Stan sigue investigando la misteriosa muerte de Robert y sitúa a los Jennings en el punto de mira.','56:41',1,'S_13');
INSERT INTO CAPITULOS VALUES (4,'Yo ostento el control','El intento de asesinato del presidente Ronald Reagan hace que Philip y Elizabeth sufran efectos colaterales dentro de la KGB. Stan, por su parte, presiona a una de sus fuentes para tratar de averiguar más datos sobre la inteligencia soviética.','58:23',1,'S_13');
INSERT INTO CAPITULOS VALUES (5,'Inteligencia de comunicaciones','Un agente clave se derrumba tras sufrir una fuerte crisis de ansiedad lo cual podría poner en peligro la red de informadores de la KGB. Philip y Elizabeth, por su parte, deben infiltrarse en el nuevo sistema de encriptación del F.B.I.','55:13',1,'S_13');
INSERT INTO CAPITULOS VALUES (6,'Confía en mi','La búsqueda de un topo dentro de la KGB genera sospechas entre los compañeros llegando a quebrar la confianza dentro del matrimonio Jennings. Mientras tanto, Stan elabora un plan para mantener a salvo a su infiltrado.','57:58',1,'S_13');
INSERT INTO CAPITULOS VALUES (7,'El deber y el honor','Una vez más, Philip y Elizabeth ponen a prueba su matrimonio cuando les asignan una nueva misión: deben desacreditar a un líder polaco para favorecer la democracia. Todo se complicará cuando Philip se reencuentra con una antigua novia.','54:56',1,'S_13');
INSERT INTO CAPITULOS VALUES (8,'Destrucción mutua asegurada','Philip y Elizabeth deben impedir que un asesino acabe con la vida de varios importantes científicos estadounidenses. Grannie, por su parte, deja a Elizabeth en estado de shock tras contarle la verdad sobre Philip e Irina en Nueva York.','59:28',1,'S_13');
INSERT INTO CAPITULOS VALUES (9,'Piso franco','El estrepitoso fracaso de una misión sencilla y rutinaria hace que Philip y Elizabeth se sitúen en el punto de mira de la KGB. Mientras tanto, Stan se enfrenta a una difícil situación cuando uno de sus efectivos desaparece misteriosamente.','57:14',1,'S_13');
INSERT INTO CAPITULOS VALUES (10,'Solo tú','Stan sigue una pista que le lleva tras el rastro de uno de los miembros del equipo de Gregory. Además, Stan, comienza un acercamiento con Elizabeth y crea uno de los mayores conflictos del matrimonio Jennings.','59:56',1,'S_13');
-- S_13 T2
INSERT INTO CAPITULOS VALUES (1,'Camaradas','Elizabeth ha vuelto después de haber estado lesionada, además, las sospechas de Paige se han incrementado y Stan sigue cayendo en las redes de un agente ruso.','55:02',2,'S_13');
INSERT INTO CAPITULOS VALUES (2,'Cardenal','Philip investiga las consecuencias de la última operación y en qué falló. Además, Elizabeth recibe una misteriosa señal de angustia y una visita llega a Rezidentura.','56:45',2,'S_13');
INSERT INTO CAPITULOS VALUES (3,'El informador','Phillip y Elizabeth completan su próxima misión, además, crecen los temores de Phillip sobre Elizabeth. Por su parte, Stan sigue la pista del KGB lo que le trae muchos elogios y Paige investiga el pasado de la familia de su madre.','56:41',2,'S_13');
INSERT INTO CAPITULOS VALUES (4,'Un poco de música nocturna','Un viejo amigo regresa para complicarles las cosas a Philip y Elizabeth; además, las divisiones dentro de Rezidentura crecen entre Oleg y Arkady. Asimismo, las frustraciones de Martha amenazan su identidad falsa.','58:23',2,'S_13');
INSERT INTO CAPITULOS VALUES (5,'El trato','Por fin, Philip y Elizabeth son asignados a un nuevo gerente. Por su parte, Oleg y Arkady siguen discutiendo sobre cómo manejar una situación.','55:13',2,'S_13');
INSERT INTO CAPITULOS VALUES (6,'Tras la puerta roja','Un peligroso oficial de la Marina se convierte en la clave para la misión de Philip y Elizabeth. Además, un oficial de inteligencia que trabaja con Jennings tiene la tarea de conseguir a Elizabeth acceso al Capitolio.','57:58',2,'S_13');
INSERT INTO CAPITULOS VALUES (7,'Arpanet','Philip usa a su agente Charles Duluth para ayudarlo a ganar acceso a una versión previa de Internet. Nina enfrenta la posibilidad de una prueba de polígrafo del FBI.','54:56',2,'S_13');
INSERT INTO CAPITULOS VALUES (8,'Coche nuevo','Philip y Elizabeth hacen frente a eventos dolorosos en sus respectivas misiones; además, Stan lucha por ganar acceso a un programa militar estadounidense.','59:28',2,'S_13');
INSERT INTO CAPITULOS VALUES (9,'Águia marcial','La misión que Philip y Elizabeth llevaban planeando durante un tiempo se vuelve fea; además, Stan investiga más en su trabajo mientras su vida personal sigue desintegrando.','57:14',2,'S_13');
INSERT INTO CAPITULOS VALUES (10,'Yousaf','Asistimos a una nueva misión que tiene riesgos internacionales. Por su parte, Stan descubre algo que podría ser útil para el FBI.','59:56',2,'S_13');
-- S_13 T3
INSERT INTO CAPITULOS VALUES (1,'Los hombres de Erhard','Philip y Elizabeth están en desacuerdo sobre el manejo de las órdenes del Centro. Por su parte, Philip le encomienda una misión a Annelise con resultados inesperados. Además, Stan intenta un nuevo acercamiento para arreglar su matrimonio con Sandra.','55:02',3,'S_13');
INSERT INTO CAPITULOS VALUES (2,'Equipaje','Elizabeth y Philip se unen para hacer frente a una misión fallida, pero tienen dificultades para conciliar sus ideologías. Mientras, Nina se aclimata a su nueva forma de vida.','56:45',3,'S_13');
INSERT INTO CAPITULOS VALUES (3,'Casa abierta','Elizabeth y Philip se acercan al círculo interno del grupo afgano de la CIA. Entretanto, Stan supervisa a Zinaida, mientras que el agente Aderholt desafía a Gaad en una operación crucial.','56:41',3,'S_13');
INSERT INTO CAPITULOS VALUES (4,'Chivato de hierba','Philip se enfrenta a un dilema moral al mismo tiempo que los desacuerdos con Elizabeth se intensifican. Por su parte, Stan desarrolla una teoría con graves repercusiones para la seguridad nacional.','58:23',3,'S_13');
INSERT INTO CAPITULOS VALUES (5,'El paso Salang','Philip hace malabares con todas las mujeres en su vida. Mientras, Elizabeth toma medidas drásticas para completar una misión. Por su parte, Stan traza un plan para salvar a Nina con un aliado inusual.','55:13',3,'S_13');
INSERT INTO CAPITULOS VALUES (6,'Bautizada','Gabriel posee información sorprendente. Stan, por su parte, recibe noticias inquietantes de su pasado y acude a Sandra en busca de ayuda.','57:58',3,'S_13');
INSERT INTO CAPITULOS VALUES (7,'Walter Taffet','Stan tiene problemas en el trabajo y en su casa. Mientras, Philip y Elizabeth sienten el peso de un nuevo secreto familiar mientras investigan los intereses de la KGB en Sudáfrica.','54:56',3,'S_13');
INSERT INTO CAPITULOS VALUES (8,'Desinversión','El matrimonio de Martha y Clark se enfrenta a una difícil prueba. Por otra parte, la presión sobre Philip se intensifica, mientras que Nina recibe una nueva misión que la vincula con su pasado.','59:28',3,'S_13');
INSERT INTO CAPITULOS VALUES (9,'¿Sueñan los robots de correo con ovejas eléctricas?','Philip y Elizabeth luchan por solucionar los inesperados daños colaterales. Entretanto, Stan y Oleg traman un arriesgado plan para salvar a Nina.','57:14',3,'S_13');
INSERT INTO CAPITULOS VALUES (10,'Aguijones','Philip y Elizabeth implementan un plan para los visitantes muyahidines de la CIA. Mientras, las tensiones en la casa de los Jennings se intensifican.','59:56',3,'S_13');
-- S_13 T4
INSERT INTO CAPITULOS VALUES (1,'Muermo','Philip y Elizabeth deben enfrentarse a las consecuencias de sus acciones mientras intentan completar una nueva misión de armas biológicas peligrosas.','55:02',4,'S_13');
INSERT INTO CAPITULOS VALUES (2,'Pastor Tim','La tensión familiar llega a un punto de intensa ebullición en la casa de los Jenning. Además, Philip y Elizabeth deben mantener sus prioridades y garantizar su protección.','56:45',4,'S_13');
INSERT INTO CAPITULOS VALUES (3,'Prototipo de ciudad experimental','Paige hace frente a nuevas responsabilidades y presiones que trae consigo el secreto de su familia. Mientras tanto, Philip y Elizabeth intentan compatibilizar sus vidas con el trabajo sin destruir a su hija.','56:41',4,'S_13');
INSERT INTO CAPITULOS VALUES (4,'Cloranfenicol','Un fallo grave durante la misión obliga a Philip, Elizabeth, William y Gabriel a cuestionar su patriotismo.','58:23',4,'S_13');
INSERT INTO CAPITULOS VALUES (5,'El piso de Clark','Philip debe tomar una decisión difícil que impactará drásticamente en su vida y la de Martha.','55:13',4,'S_13');
INSERT INTO CAPITULOS VALUES (6,'La rata','El trabajo de William lleva a Jennings a enfrentarse al serio peligro de una posible guerra biológica.','57:58',4,'S_13');
INSERT INTO CAPITULOS VALUES (7,'Agencia de viajes','Tanto el FBI como el KGB luchan para intentar encontrar a un importante agente antes de que sea demasiado tarde.','54:56',4,'S_13');
INSERT INTO CAPITULOS VALUES (8,'La mágia de David Copperfield V:La estatua de la libertad desaparece','Los Jenning se acercan a un punto de inflexión cuando Philip y Elizabeth deben intentar lidiar con sus agentes locales, como Martha.','59:28',4,'S_13');
INSERT INTO CAPITULOS VALUES (9,'El día después','Después de revelar sus verdaderas identidades a su hija Paige, Philip y Elizabeth hacen lo posible por asegurar la protección de la familia.','57:14',4,'S_13');
INSERT INTO CAPITULOS VALUES (10,'Chavalines','Cuando la indiscreción de Paige amenaza con destruir a la familia, Philip y Elizabeth luchan por que esto no suceda.','59:56',4,'S_13');

-- The Boys
-- S_14 T1
INSERT INTO CAPITULOS VALUES (1,'Revancha','Revancha era el escuadrón de superhéroes más elitista del mundo antes de que Vought reuniera a los Siete, ahora son el segundo equipo más popular.','55:02',1,'S_14');
INSERT INTO CAPITULOS VALUES (2,'El único en el cielo','El pueblo de Estados Unidos honra a su mayor superhéroe, Vengador, en su cumpleaños.','56:45',1,'S_14');
INSERT INTO CAPITULOS VALUES (3,'Glorioso plan quincenal','Quedan tres concursantes en la final de "American Hero" y solo dos pueden unirse a los Siete. Alguien se mudará a la torre de los Siete.','56:41',1,'S_14');
INSERT INTO CAPITULOS VALUES (4,'La última vez para contemplar este mundo de mentiras','Los muchachos se dirigen a Rusia para investigar la misteriosa superarma que acabó con Caporal en 1984, con la esperanza de que pueda hacer lo mismo con Vengador. Se anuncia un nuevo romance.','58:23',1,'S_14');
INSERT INTO CAPITULOS VALUES (5,'Herogasmo','Billy Butcher, MM y Hughie van en busca de respuestas sobre sus problemas y terminan en el apartamento de Leyenda.','55:13',1,'S_14');
INSERT INTO CAPITULOS VALUES (6,'Costa berberisca','Profundo es invitado al evento de orgía de superhéroes conocido como Herogasmo, exclusivamente para Supes y selectos invitados.','57:58',1,'S_14');
INSERT INTO CAPITULOS VALUES (7,'Una vela para acompañante a la cama','Vengador debe lidiar con algunos golpes humillantes, desde casi resultar derrotado hasta las consecuencias de una transmisión en vivo.','54:56',1,'S_14');
INSERT INTO CAPITULOS VALUES (8,'El salvaje instante al rojo blanco','Noctámbulo regresa a la Torre Vought mientras se prepara para un enfrentamiento con Soldier Boy, Butcher y Hughie. Vengador y Butcher tienen una revancha.','59:28',1,'S_14');
-- S_14 T2
INSERT INTO CAPITULOS VALUES (1,'Las reglas del juego','Después de que un miembro de los Super mata al amor de su vida, Hughie se une a Billy, un vigilante, para castigar a los peligrosos Super.','55:02',2,'S_14');
INSERT INTO CAPITULOS VALUES (2,'Cherry','Los chicos se transforman en superhéroes. Luz Estelar busca venganza y Patriota se vuelve desobediente.','56:45',2,'S_14');
INSERT INTO CAPITULOS VALUES (3,'Moja(el compuesto V)','Es la carrera del siglo. A-Tren y Shockwave, compitiendo por el título de Hombre más rápido del mundo. Mientras tanto, los chicos se reencuentran y están mejor que nunca.','56:41',2,'S_14');
INSERT INTO CAPITULOS VALUES (4,'La hembra de la especie','Agallas, secuestros de aviones, locura, fantasmas y una mujer muy intrigante. Ah, y mucho corazón, tanto en sentido sentimental como literal.','58:23',2,'S_14');
INSERT INTO CAPITULOS VALUES (5,'Bueno para el alma','Los chicos se dirigen a una exposición para seguir una pista prometedora en su guerra contra los Supes.','55:13',2,'S_14');
INSERT INTO CAPITULOS VALUES (6,'Los inocentes','Vought produce un video en un intento de mostrar una imagen pública más entrañable para el equipo de superhéroes.','57:58',2,'S_14');
INSERT INTO CAPITULOS VALUES (7,'La sociedad de la autopista','Los chicos aprenden una valiosa lección de una manera difícil. Patriota mira hacia su pasado. Luz Estelar descubre que el amor duele.','54:56',2,'S_14');
INSERT INTO CAPITULOS VALUES (8,'Me has encontrado','Las preguntas que han permanecido sin respuesta durante mucho tiempo finalmente se responden mientras se revelan secretos y se hacen revelaciones impactantes. Mientras tanto, surgen nuevos conflictos.','59:28',2,'S_14');
-- S_14 T3
INSERT INTO CAPITULOS VALUES (1,'El tiovivo','Con Butcher aún desaparecido, Hughie, Mothers Milk, Frenchie y Kimiko se convierten en fugitivos y Homelander y Vought son más poderosos que nunca.','55:02',3,'S_14');
INSERT INTO CAPITULOS VALUES (2,'Preparación y Planificacion','El grupo The Boys ficha a un súperterrorista, Luz Estelar consigue pruebas contra Vought. El Profundo conecta con sus propios sentimientos y Patriota se busca una familia (o algo por el estilo). Además, se abrirá el intenso debate de por qué los tra.','56:45',3,'S_14');
INSERT INTO CAPITULOS VALUES (3,'Más allá de la colina con las espadas de mil hombres','¡Atención! Si tú o algún ser querido habéis estado expuestos al compuesto V, podrías tener derecho a una indemnización. Vought ha administrado la sustancia a numerosas víctimas sin su conocimiento ni su consentimiento. Si crees que a ti o a algún se.','56:41',3,'S_14');
INSERT INTO CAPITULOS VALUES (4,'Nada igual en el mundo','¡Viaje por carretera! El grupo The Boys se desplazan hasta Carolina del Norte para seguir la pista de una misteriosa súper llamada Liberty. ¿Sabías que las chocolatinas preferidas de alguien pueden desvelarte si es un asesino en serie? ¡Mira y apren.','58:23',3,'S_14');
INSERT INTO CAPITULOS VALUES (5,'Nos damos el piro','Estudios Vought se complace en anunciar que ha comenzado el rodaje de #ElAmanecerDeLosSiete, fruto de 12 años de experiencia. Si te gustan las películas de un superhéroe, te encantará esta peli de siete superhéroes. ¡Presentamos a la nueva integrant.','55:13',3,'S_14');
INSERT INTO CAPITULOS VALUES (6,'Las putas puertas abajo','Cuando The Boys y Starlight siguen una pista hacia el misterioso Sage Grove Center de Vought, encuentran uno de los secretos más oscuros de Vought, y alguien aún más oscuro de su pasado. La relación entre Homelander y Stormfront se profundiza.','57:58',3,'S_14');
INSERT INTO CAPITULOS VALUES (7,'Carnicero','Para ayudar a Victoria Neuman a presentar un caso contra Vought, Mallory y The Boys buscan respuestas en una fuente improbable. Hughie recibe noticias aterradoras sobre Starlight.','54:56',3,'S_14');
INSERT INTO CAPITULOS VALUES (8,'Lo que sé yo','***ALERTA DE SÚPER VILLANO*** NOTIFICACIÓN DEL DEPARTAMENTO DE DEFENSA NACIONAL: SE HA EMITIDO UNA ALERTA POR LA PRESENCIA DE UN SÚPERVILLANO EN TU ZONA. POR FAVOR, PERMANECE ATENTO E INFÓRMANOS DE PERSONAS O CONDUCTAS SOSPECHOSAS. SI CREES QUE PUE..','59:28',3,'S_14');

-- The Man in the High Castle
-- S_15 T1
INSERT INTO CAPITULOS VALUES (1,'El nuevo mundo','1962, los Estados Unidos han perdido la Segunda Guerra Mundial; al este hay el Gran Reich Nazi y al oeste los Estados Japoneses del Pacífico. Pero unas películas muestran un mundo diferente. Una mujer da una película a su hermana y a continuación es asesinada. La hermana cree que esa película es la clave de la libertad y se obsesiona con encontrar a su guardián: el Hombre en el Castillo.','55:02',1,'S_15');
INSERT INTO CAPITULOS VALUES (2,'Amanecer','El destino de Frank pende de un hilo cuando le hacen prisionero en Kempeitai. Mientras tanto, Juliana contacta con un hombre misterioso que le da una pista sobre las películas, y Obergruppenführer Smith se ve sorprendido por una serie de infortunados eventos.','56:45',1,'S_15');
INSERT INTO CAPITULOS VALUES (3,'La mujer del retrato','Un feroz buscador de recompensas llamado The Marshal llega a Canon City, por lo que Joe y Juliana deben actuar rápido. Tagomi hace un plan con Wegener para pasar secretos del Reich, y Frank trama su venganza contra los japoneses.','56:41',1,'S_15');
INSERT INTO CAPITULOS VALUES (4,'Revelaciones','Joe se siente dividido entre su deber y su atracción por Juliana. Mientras que Ed intenta evitar que Frank tome una decisión irrevocable. La investigación de Smith se interrumpe cuando pierde a sus testigos, y el plan de Tagomi se desvía cuando los eventos dan un giro dramático en el discurso de Crown Prince.','58:23',1,'S_15');
INSERT INTO CAPITULOS VALUES (5,'La nueva normalidad','Juliana vuelve a casa para descubrir nuevas pistas que la llevarán más cerca de desvelar el misterio que oculta la película. Mientras tanto, Joe es interrogado en el Cuartel General de los Nazis. Kido comienza a investigar los eventos del discurso de Crown Prince, mientras que Tagomi y Wegener intentan de nuevo completar su transferencia secreta.','55:13',1,'S_15');
INSERT INTO CAPITULOS VALUES (6,'Tres monos','Joe celebra el día de la Victoria en América -VA- en la casa de Smith, y lo usa para averiguar algo más sobre las películas. Juliana acepta trabajar para Tagomi mientras continúa su búsqueda de respuestas. Mientras Smith invita a un viejo amigo a unirse a las celebraciones, con un resultado sorprendente.','57:58',1,'S_15');
INSERT INTO CAPITULOS VALUES (7,'Verdad','Juliana hace un descubrimiento alarmante sobre la muerte de su hermana. Frank reflexiona sobre los eventos recientes y toma una decisión importante sobre su futuro. Al mismo tiempo, Tagomi comienza a saber cosas sobre el pasado de Juliana.','54:56',1,'S_15');
INSERT INTO CAPITULOS VALUES (8,'El fin del mundo','El círculo se estrecha, y Juliana y Frank hacen planes para escapar de las garras de Kempeitai, pero vuelven a ponerse en peligro cuando Joe intenta encontrar una película nueva. Mientras tanto, la lealtad de Smith se pone a prueba cuando hace una revelación sorprendente, y Childan planea vengarse estafando a los Kasouras.','59:28',1,'S_15');
INSERT INTO CAPITULOS VALUES (9,'Bondad','Frank se ve obligado a poner su vida en riesgo para salvar a Joe, ya sin tiempo. Smith comienza a comprenderlo todo al descubrir quién estaba tras el intento de asesinato. Tagomi se hunde cuando tiene que enfrentarse a las consecuencias de sus intrigas. La investigación de Kido, por su parte, toma un giro inesperado cuando descubre algo importante sobre el tiroteo.','57:14',1,'S_15');
-- S_15 T2
INSERT INTO CAPITULOS VALUES (1,'El cubil del tigre','Juliana es capturada por la Resistencia y se enfrenta a las consecuencias de su traición. Obtiene ansiadas respuestas del pasado, pero estas plantean preguntas aún más inquietantes del futuro, y no es solo el suyo el que peligra. Joe llega a Nueva York, pero el viaje le hace replantearse todas sus convicciones. Frank intenta sacar a Ed de una situación imposible, pero ¿cuánto les costará a ambos?','55:02',2,'S_15');
INSERT INTO CAPITULOS VALUES (2,'El camino menos transitado','Tras escapar por muy poco de la muerte, Juliana descubre un secreto familiar que podría tener implicaciones globales y la llevan a tomar una decisión que cambiará su vida. Kido, Tagomi y Frank corren grandes riesgos mientras, en Nueva York, Joe se instala en una rutina normal que pronto se ve truncada cuando Smith le da la oportunidad que lleva esperando toda su vida.','56:45',2,'S_15');
INSERT INTO CAPITULOS VALUES (3,'Viajeros','Luchando por aclimatarse al nuevo y extraño mundo de la Nueva York nazi, Juliana busca a la única persona en la que cree poder confiar: Joe Blake. Furioso y desafiante tras la marcha de Juliana, Frank se ve atraído a la Resistencia y a su carismático líder. Joe se enfrenta a su propia identidad cuando por fin conoce a su padre.','56:41',2,'S_15');
INSERT INTO CAPITULOS VALUES (4,'Escalada','Juliana descubre que no está a salvo de la Resistencia en el Reich. Smith se enfrenta a la realidad de hasta dónde está dispuesto a llegar para proteger a su hijo. Otro padre, el de Joe, intenta persuadir a este de que le dé una oportunidad a Berlín. Frank también debe decidir: ¿hasta dónde llegará para ayudar a la Resistencia?','58:23',2,'S_15');
INSERT INTO CAPITULOS VALUES (5,'A cubierto','Joe conoce una verdad de su pasado que hace que se lo cuestione todo. La grieta entre Ed y Frank se ensancha cuando este se implica más y más en la Resistencia. Para poder estar a salvo, Juliana debe traicionar a alguien muy cercano.','55:13',2,'S_15');
INSERT INTO CAPITULOS VALUES (6,'Kintsugi','Nicole le presenta a Joe un lado inesperado de Berlín que lo lleva a un nuevo rumbo. En su nueva misión, Juliana se introduce en el círculo privado de los Smith. Tagomi se reúne por fin con su familia, pero solo para enfrentarse con el peligro de perderla de nuevo.','57:58',2,'S_15');
INSERT INTO CAPITULOS VALUES (7,'Tierra de sonrisas','A medida que Juliana se integra más con los Smith, descubre un peligroso secreto. Childan y Ed se meten en una situación incómoda cuando intentan saldar la deuda con la Yakuza. En una misión de la Resistencia, Frank desvela un plan de los japoneses que podría provocar su peor pesadilla.','54:56',2,'S_15');
INSERT INTO CAPITULOS VALUES (8,'Detonación','Tagomi se enfrenta a un dilema: quedarse con su familia o regresar al mundo que ha dejado atrás. Desesperada por huir del Reich, Juliana llega a un último y peligroso acuerdo con la Resistencia. Cuando Ed revela un secreto que pone en riesgo a la Resistencia, Frank debe decidir cómo lidiar con la traición de su mejor amigo.','57:14',2,'S_15');
INSERT INTO CAPITULOS VALUES (9,'Efectos colaterales','Tagomi recluta a Kido para un engaño que puede salvar a Japón de la destrucción. Cuando la vida de Smith se derrumba a su alrededor, juega una carta peligrosa para mantenerse en el poder. Joe intenta hacer lo correcto, pero sufre la traición definitiva. Juliana debe tomar una decisión desgarradora que determinará el futuro del mundo.','59:56',2,'S_15');
-- S_15 T3
INSERT INTO CAPITULOS VALUES (1,'Nos preocuamos por vosotros más que nunca','Juliana conoce, en la Zona Neutral, a un irlandés llamado Wyatt, y pronto se encuentra huyendo y pidiéndole ayuda a Tagomi. Los japoneses prueban una bomba atómica. Joe Black es enviado a San Francisco en una misión diplomática. Kido contrata a un nuevo sargento. Nicole Dormer llega a Nueva York para liderar una campaña de propaganda. Los Smith se enfrentan a las secuelas de la muerte de Thomas.','55:02',3,'S_15');
INSERT INTO CAPITULOS VALUES (2,'Imagínese Manchuria','Juliana acepta que su destino y el de Tagomi están entrecruzados. Tagomi e Ikonuchi descubren que el Reich está imponiendo un bloqueo de combustible en los Estados del Pacífico. El Reichsmarschall y Edgar Hoover conspiran contra John Smith. Helen va a terapia para superar el dolor de la pérdida de Thomas y toma medidas drásticas para proteger a su familia.','56:45',3,'S_15');
INSERT INTO CAPITULOS VALUES (3,'Senso Koi','Juliana y Tagomi persiguen los misterios de las cintas y Juliana se reencuentra con un viejo amigo. Ahora que las represalias han acabado, Childan está obsesionado con volver a San Francisco, pero un posible romance provoca que Ed se muestre reacio a marcharse. Kido recibe cierta información que lo encamina en una nueva dirección. Smith asiste a un pase de la nueva película de Nicole sobre Thomas.','56:41',3,'S_15');
INSERT INTO CAPITULOS VALUES (4,'Sabra','Una nueva comunidad lucha por sobrevivir en la Zona Neutral. Juliana y Joe se reencuentran, mientras Joe sigue trabajando como agente secreto para Himmler. Wyatt le hace una visita a Juliana en San Francisco. El pasado de Smith regresa para perseguirle. Ed y Childan se enfrentan a un desafío en su camino a San Francisco. Tagomi descubre que su vida puede estar en peligro.','58:23',3,'S_15');
INSERT INTO CAPITULOS VALUES (5,'El uevo coloso','Mientras el Reichsführer sigue provocando a los Estados Japoneses del Pacífico, Juliana consigue escapar de una situación letal y descubre un tesoro de secretos nazis. Smith se enfrenta a su adversario político. Los nazis se preparan para el Año cero. . Joe y Juliana llegan a un punto de inflexión en su relación.','55:13',3,'S_15');
INSERT INTO CAPITULOS VALUES (6,'Nuestra historia acaba','Con la ayuda de Wyatt, Juliana huye de San Francisco con los secretos robados de los nazis. Childan por fin puede regresar a casa, pero Ed decide quedarse en la Zona Neutral. Tagomi le revela cierta información a Kido que cambia la perspectiva del inspector. La carrera de John Smith da un giro.','57:58',3,'S_15');
INSERT INTO CAPITULOS VALUES (7,'Exceso de ánimus','Juliana se embarca en una misión para detener a los nazis: una misión por la que se reunirá con viejos amigos. A pesar de los riesgos, Thelma y Nicole intiman más. Smith aprende más cosas de los esfuerzos de los nazis para viajar a realidades alternativas. Kido le pide a Tagomi que le cuente la verdad de las cintas y de su capacidad para viajar. Kido le sonsaca información muy valiosa a Childan.','54:56',3,'S_15');
INSERT INTO CAPITULOS VALUES (8,'Kasumi','Juliana se da cuenta de que se está quedando sin tiempo, pero conseguir apoyo sigue siendo un gran desafío. Tagomi se ve envuelto en una peligrosa pelea a vida o muerte. En su terapia, Helen Smith se pasa de la raya. Kido persigue a su objetivo en la Zona Neutral.','59:28',3,'S_15');
INSERT INTO CAPITULOS VALUES (9,'Baku','La misión de Juliana y de Wyatt los acerca peligrosamente al centro de un proyecto supersecreto de los nazis. En un intento por mejorar las relaciones entre ambos lados, Tagomi recurre a Smith. Smith descubre una cosa muy importante. Kido pasa página.','57:14',3,'S_15');

COMMIT;